0857.HK.Open,0857.HK.High,0857.HK.Low,0857.HK.Close,0857.HK.Volume,0857.HK.Adjusted
10.24,10.4,10.12,10.36,82525813,7.992197
10.28,10.38,10.2,10.3,69278957,7.94591
10.26,10.26,10.12,10.24,55661376,7.899621
10.36,10.36,10.18,10.26,38333113,7.915051
10.18,10.22,10.08,10.26,69576578,7.915051
10.26,10.3,10.06,10.14,49626135,7.822477
10.32,10.38,10.16,10.32,74279381,7.961338
10.4,10.58,10.36,10.52,119608025,8.115627
10.66,10.76,10.58,10.74,153684664,8.285348
10.68,10.84,10.58,10.7,98973345,8.254487
10.78,10.78,10.52,10.58,50511150,8.161914
10.64,10.84,10.6,10.8,105847189,8.331632
10.9,11.04,10.82,10.98,154581897,8.470493
10.84,10.98,10.7,10.74,118781986,8.285348
10.62,10.86,10.52,10.58,67886414,8.161914
10.68,10.68,10.44,10.52,42106951,8.115627
10.76,10.76,10.5,10.5,53234916,8.1002
10.5,10.64,10.26,10.56,84792157,8.146485
10.6,10.8,10.48,10.6,79444799,8.177344
10.56,10.58,10.34,10.5,94781463,8.1002
10.5,11.1,10.34,10.82,194355530,8.347059
10.86,11.24,10.86,11.1,188096928,8.563066
10.9,11.2233333333333,10.8366666666667,11.0433333333333,175226010.5,8.519351
11.1,11.14,10.72,10.76,110871423,8.300776
10.879,11.16,10.72,10.96,121157148,8.455065
11,11.1,10.5,10.54,142352050,8.131056
10.46,10.54,10.16,10.22,129965092,7.884194
10.38,10.44,10.14,10.32,103924502,7.961338
10.32,10.68,10.32,10.58,91968478,8.161914
10.6,10.7,10.42,10.48,73704182,8.084768
10.66,10.66,10.42,10.6,53910184,8.177344
10.52,10.66,10.44,10.64,68664855,8.2082
10.733,10.68,10.48,10.64,78736575,8.2082
10.64,10.76,10.58,10.74,75442240,8.285348
10.62,10.68,10.5,10.56,74056032,8.146485
10.6,10.6,10.16,10.38,127227809,8.007626
10.48,10.54,10.14,10.22,85820158,7.884194
10.3,10.48,10.18,10.38,63637057,8.007626
10.26,10.66,10.26,10.6,76212167,8.177344
10.68,10.74,10.6,10.68,63813675,8.239058
10.5,10.72,10.5,10.7,83189079,8.254487
10.72,10.98,10.72,10.78,122331671,8.316203
10.96,10.98,10.82,10.86,66229695,8.37792
10.78,10.98,10.76,10.9,48378420,8.408778
10.98,11.2,10.96,11.1,178730800,8.563066
11.18,11.2,10.92,10.98,96290003,8.470493
10.96,11,10.86,10.94,59107154,8.439636
10.9,10.96,10.66,10.78,72213399,8.316203
10.7,10.82,10.58,10.82,76021620,8.347059
10.6,10.66,9.92,10.44,172422907,8.053912
10.62,10.64,10.3,10.54,93790972,8.131056
10.44,10.5,10.3,10.46,66957125,8.069343
10.74,10.8,10.04,10.32,187241453,7.961338
10.44,10.7,10.44,10.66,128249950,8.22363
10.78,11,10.68,10.94,133932527,8.439636
10.9,11.16,10.86,11.12,129086598,8.578494
11.2,11.26,11.14,11.16,93732210,8.609355
11.26,11.3,11.14,11.28,72085337,8.701926
11.16,11.38,11.12,11.18,80506197,8.624785
11.12,11.34,11.1,11.32,58998714,8.732787
11.4,11.74,11.36,11.68,138775129,9.010506
11.8,11.88,11.7,11.78,122216975,9.087653
11.98,12.06,11.78,12.02,115091700,9.272799
12.06,12.16,11.94,12.04,110033439,9.288226
12.08,12.3,12.04,12.22,99436636,9.427088
12.18,12.2,12.08,12.14,74652856,9.365374
12.02,12.28,11.96,12,115795190,9.257369
12.22,12.5,12.08,12.34,148341599,9.519662
12.08,12.1,11.68,11.74,182222829,9.056791
11.62,11.9,11.46,11.8,130450350,9.103083
11.7,11.86,11.62,11.76,88724840,9.072222
11.8,11.96,11.72,11.8,104733459,9.103083
11.78,11.88,11.48,11.56,103785380,8.917933
11.5,11.5,11.28,11.38,116730360,8.779074
11.48,11.7,11.48,11.66,88558023,8.99508
11.76,11.94,11.74,11.88,100733541,9.164796
11.68,11.82,11.54,11.66,86650323,8.99508
11.9,11.92,11.4,11.6,95174298,8.94879
11.6,11.68,11.12,11.24,154766069,8.671069
11.2,11.26,11.08,11.16,106587881,8.609355
11.14,11.16,10.92,11,101726181,8.485922
11.04,11.04,10.72,10.84,117075155,8.362491
10.78,10.78,10.44,10.56,166256088,8.146485
10.34,10.5,10.32,10.48,115522636,8.084768
10.58,10.74,10.54,10.66,78228881,8.22363
10.9,10.98,10.72,10.8,132215145,8.331632
10.66,10.68,10.52,10.66,92209284,8.22363
10.68,10.74,10.42,10.7,76365964,8.254487
10.48,10.56,10.4,10.48,80419588,8.084768
10.4,10.54,10.38,10.48,38633119,8.084768
10.6,10.78,10.5,10.58,69820078,8.161914
10.7,10.72,10.58,10.64,61075408,8.2082
10.7,10.7,10.6,10.66,39775379,8.22363
10.52,10.6,10.4,10.46,76707877,8.069343
10.26,10.36,10.26,10.32,51902457,8.131922
10.3,10.4,10.18,10.38,76771528,8.1792
10.5,10.6,10.46,10.54,89262185,8.305278
10.7,11,10.66,10.94,167020973,8.62047
10.88,11,10.82,10.94,52805350,8.62047
11,11.32,11,11.28,140959780,8.88838
11.32,11.42,11.24,11.28,105119979,8.88838
11.08,11.12,10.96,11.04,86125975,8.699264
11.1,11.12,10.8,10.86,73832297,8.557429
10.84,11.02,10.82,10.88,65407583,8.573192
10.82,10.92,10.66,10.9,56135372,8.588948
10.9,11.12,10.76,10.94,79533991,8.62047
11,11.04,10.7,10.82,85211955,8.525911
10.58,10.8,10.58,10.76,73642711,8.478631
10.54,10.8,10.54,10.7,79938564,8.431353
10.74,10.74,10.54,10.62,59366168,8.368315
10.46,10.88,10.46,10.72,140403423,8.447114
10.86,11.26,10.66,10.88,265304413,8.573192
10.82,11.1,10.8,10.88,114466103,8.573192
11,11.22,10.96,11.08,94728167,8.730784
11.14,11.16,10.98,11.04,69987115,8.699264
11.04,11.08,10.88,10.9,64288699,8.588948
10.86,11.16,10.84,11.12,66530306,8.762305
11,11.22,10.96,11.14,54653059,8.778064
11.28,11.38,11.2,11.3,114143486,8.904139
11.34,11.36,11.12,11.24,78740310,8.85686
11.38,11.42,11.26,11.38,73014811,8.967176
11.5,11.6,11.42,11.54,68016066,9.093254
11.6,11.6,11.42,11.56,38907697,9.109013
11.54,11.72,11.5,11.52,71056581,9.077495
11.48,11.62,11.48,11.52,48703087,9.077495
11.66,11.84,11.64,11.78,97424721,9.282368
11.68,11.74,11.5,11.6,52729773,9.140533
11.34,11.4,11.04,11.08,101268718,8.730784
11.22,11.28,11.12,11.26,53323952,8.872622
11.46,11.48,11.28,11.46,69283021,9.030213
11.34,11.52,11.32,11.48,42452046,9.045975
11.3,11.48,11.3,11.36,43738442,8.951418
11.46,11.48,11.3,11.46,54359780,9.030213
11.6,11.64,11.52,11.58,70080576,9.124773
11.62,11.62,11.42,11.52,45330150,9.077495
11.68,11.8,11.62,11.68,101822677,9.203572
11.62,11.62,11.16,11.34,172221709,8.935658
11.26,11.34,11.18,11.3,130271710,8.904139
11.34,11.42,11.28,11.34,63140762,8.935658
11.18,11.26,10.92,11.2,112567440,8.825343
11.14,11.22,10.98,11.04,67224393,8.699264
11.26,11.32,11.16,11.22,74626091,8.841102
11.16,11.28,11.04,11.12,57577461,8.762305
10.9,10.94,10.8,10.84,73303277,8.541668
10.74,10.86,10.52,10.7,81074530,8.431353
10.2,10.44,10,10.36,150758684,8.16344
10,10.16,9.9,10.04,108706904,7.91129
9.25,9.73,9.02,9.25,258780200,7.288787
9.59,9.65,9.38,9.53,127934308,7.509419
9.47,9.59,9.21,9.37,84648067,7.383343
9.65,9.65,9.33,9.36,76817390,7.375464
9.7,9.77,9.56,9.75,62669151,7.682775
9.8,9.88,9.61,9.72,68287030,7.659136
9.71,9.88,9.63,9.71,53900269,7.651257
9.57,9.72,9.47,9.53,66610672,7.509419
9.25,9.3,9.02,9.14,115021356,7.20211
9.28,9.5,9.13,9.34,112086702,7.359704
9.36,9.68,9.3,9.58,96546516,7.548818
9.5,9.56,9.32,9.34,57387228,7.359704
9.43,9.65,9.43,9.51,70261607,7.49366
9.38,9.49,9.15,9.17,96484588,7.225748
9.39,9.57,9.32,9.44,84057724,7.438502
9.67,9.86,9.58,9.79,97492688,7.714295
9.77,10.08,9.77,10.04,86643839,7.91129
10.2,10.26,9.94,10.02,107795991,7.895531
9.9,10,9.64,9.67,78689840,7.619738
9.52,9.52,9.35,9.36,91184377,7.375464
9.33,9.65,9.29,9.59,99378163,7.556699
9.6,9.84,9.54,9.69,101585105,7.766935
9.71,9.8,9.51,9.72,69990021,7.790982
9.85,9.89,9.62,9.68,56320325,7.758921
9.33,9.45,9.19,9.3,63567170,7.454335
9.3,9.57,9.3,9.44,141709196,7.566549
9.51,9.71,9.5,9.65,104126404,7.734872
9.87,10,9.78,9.84,203074867,7.887167
9.7,9.7,9.43,9.53,64352398,7.638688
9.52,9.68,9.43,9.52,81311516,7.630674
9.44,9.72,9.34,9.45,68921463,7.574564
9.08,9.19,9.01,9.1,114962384,7.294024
9.01,9.24,8.83,9.08,144054960,7.277995
8.84,9.21,8.55,9.03,193481418,7.237917
9.36,9.59,9.3,9.52,137162152,7.630674
9.34,9.8,9.34,9.72,121748188,7.790982
9.66,9.75,9.46,9.67,119466629,7.750906
9.38,9.53,9.33,9.43,161439328,7.558535
9.38,9.6,8.92,9.04,152960656,7.245933
9.3,9.43,9.21,9.3,123865272,7.454335
9.36,9.37,9.19,9.31,95454160,7.462348
9.26,9.27,8.93,9.18,88512359,7.358149
9.35,9.35,8.85,9.02,152424351,7.229903
8.88,9.13,8.82,9.04,75940716,7.245933
9.26,9.34,9.04,9.28,121769098,7.438305
9.25,9.44,9.25,9.33,89585407,7.478379
9.45,9.8,9.3,9.72,107852216,7.790982
9.4,9.57,9.39,9.49,83965296,7.606627
9.67,9.77,9.54,9.7,80267394,7.774951
9.54,9.6,9.17,9.45,91767161,7.574564
9.2,9.46,9.17,9.4,64240668,7.534488
9.6,9.82,9.55,9.75,68704413,7.815028
9.82,9.96,9.75,9.92,79911956,7.951289
9.88,10.14,9.84,10,103155267,8.015414
10.06,10.4,10.06,10.38,115801338,8.319998
10.44,10.5,10.18,10.34,128869618,8.287937
10.34,10.52,10.2,10.26,71743035,8.223813
10.16,10.28,9.98,10.06,67500307,8.063506
9.86,10.06,9.81,10.04,83828137,8.047476
9.83,9.92,9.53,9.66,110157703,7.74289
10.16,10.3,10,10.04,105666739,8.047476
10.26,10.28,9.94,10.08,53503226,8.079535
10.24,10.38,10.16,10.24,61525235,8.207784
10.5,10.66,10.48,10.58,93113481,8.480308
10,10.4,10,10.2,97555380,8.175721
10.3,10.46,10.18,10.42,47932644,8.35206
10.64,10.74,10.58,10.62,79585082,8.512368
10.38,10.48,10.32,10.44,49239834,8.368091
10.66,10.66,9.93,10.26,84600959,8.223813
10.06,10.28,10.04,10.18,38234117,8.159691
9.88,10,9.84,9.96,62584529,7.983351
9.81,10.06,9.69,9.93,48092819,7.959304
9.91,10.12,9.73,9.84,63229890,7.887167
9.63,9.68,9.5,9.58,63496858,7.678765
9.4,9.64,9.4,9.53,48616353,7.638688
9.35,9.48,9.32,9.39,37793965,7.526472
9.64,9.72,9.48,9.61,44023906,7.702811
9.66,9.78,9.5,9.65,59979908,7.734872
9.72,9.72,9.42,9.56,66720910,7.662736
10.02,10.18,10,10.1,84271481,8.095569
10.2,10.2,9.95,9.98,70904698,7.999382
10,10.12,9.96,10.08,40079641,8.079535
9.92,9.99,9.82,9.98,51717814,7.999382
10.18,10.18,9.9,10.04,94962842,8.047476
9.88,9.93,9.8,9.86,56404051,7.903196
9.58,9.62,9.38,9.47,121030390,7.590597
9.71,9.75,9.48,9.51,61181836,7.622657
9.37,9.45,9.33,9.4,55092896,7.534488
9.32,9.39,9.31,9.32,62753535,7.470365
9.15,9.17,8.95,9.04,165264423,7.245933
8.97,9.24,8.96,9.06,216051526,7.261963
8.95,9.02,8.85,8.99,103032466,7.205856
8.98,9.19,8.98,9.12,71170891,7.310058
9.39,9.45,9.35,9.43,81185770,7.558535
9.39,9.39,9.2,9.37,37005444,7.510441
9.5,9.52,9.44,9.48,47939995,7.598612
9.532,9.554,9.456,9.518,60050495.6,7.6290708
9.66,9.69,9.52,9.67,108492498,7.750906
9.56,9.9,9.52,9.71,93480740,7.782966
9.75,9.75,9.62,9.67,42140596,7.750906
9.795,9.8725,9.69,9.7775,69377576.75,7.83707175
9.93,10.24,9.9,10.1,151088519,8.095569
10.24,10.3,10.14,10.22,113667305,8.191751
10.22,10.42,10.18,10.38,79131706,8.319998
11,11,10.52,10.62,192449127,8.512368
10.56,10.84,10.4,10.82,75351980,8.672677
10.9,10.92,10.7,10.74,84120053,8.608555
10.88,10.96,10.72,10.9,81389637,8.7368
10.94,10.94,10.7,10.78,63635052,8.640615
10.94,11.04,10.78,10.98,114426862,8.800921
10.8,10.94,10.74,10.88,37794706,8.720772
11,11.28,10.9,11.22,97396796,8.993294
11.08,11.36,11.06,11.32,89246918,9.073447
11.4,11.42,11.06,11.32,94842370,9.073447
11.38,11.4,11.26,11.32,79047930,9.073447
11.5,11.6,11.44,11.54,76314530,9.249786
11.36,11.56,11.36,11.44,65578745,9.169632
11.42,11.58,11.14,11.2,113463561,8.977264
11.38,11.5,11.22,11.34,114795915,9.089477
11.38,11.54,11.32,11.4,65956123,9.13757
11.58,11.66,11.54,11.62,80870030,9.313911
11.56,11.56,11.34,11.48,85311812,9.201694
11.6,11.6,11.42,11.5,75678937,9.217724
11.66,11.66,11.52,11.6,55776406,9.297879
11.7,11.92,11.66,11.86,106648268,9.506278
11.7,11.9,11.58,11.78,70491915,9.442156
11.68,11.74,11.46,11.56,79694165,9.265818
11.32,11.74,11.28,11.6,71615794,9.297879
11.6,11.64,11.48,11.58,55755168,9.281848
11.6,11.76,11.5,11.66,68375858,9.345969
11.46,11.58,11.38,11.56,84722522,9.265818
11.7,11.76,11.48,11.66,60141138,9.345969
11.8,11.8,11.42,11.5,64522575,9.217724
11.54,11.56,11.22,11.44,88607747,9.169632
11.42,11.66,11.36,11.6,66912894,9.297879
11.52,11.66,11.48,11.56,39756493,9.265818
11.56,11.72,11.52,11.56,57852613,9.265818
11.52,11.7,11.24,11.5,79057584,9.217724
11.64,11.8,11.58,11.78,73757844,9.442156
11.82,11.9,11.58,11.74,65923840,9.410096
11.64,11.82,11.62,11.68,49410101,9.362004
11.9,11.9,11.68,11.76,52288606,9.426127
11.6,11.68,11.32,11.44,99375182,9.169632
11.44,11.44,11.16,11.18,97998820,8.96123
11.08,11.42,11.08,11.22,75162126,8.993294
11.2,11.4,11.1,11.38,63104722,9.121539
11.48,11.64,11.34,11.54,64165571,9.249786
11.54,11.58,11.42,11.52,40773948,9.233756
11.66,11.8,11.62,11.7,70272032,9.378033
11.76,11.84,11.54,11.6,71562826,9.297879
11.44,11.56,11.38,11.5,48642131,9.217724
11.32,11.5,11.3,11.38,69073340,9.121539
11.4,11.4,11.04,11.18,61903984,8.96123
11.18,11.28,11.04,11.16,50601317,8.945199
11.16,11.16,10.94,11.04,74897175,8.849014
10.8,11.14,10.78,11.04,57212728,8.849014
11.14,11.24,10.94,11.12,44132630,8.913141
11.24,11.32,11.06,11.3,63672297,9.057416
11.14,11.22,10.94,10.98,64596957,8.800921
10.78,10.86,10.64,10.74,77533858,8.608555
10.74,11.04,10.66,10.98,94596143,8.800921
11,11.02,10.84,10.96,49992738,8.784892
11.06,11.18,10.96,11.14,57772510,8.929171
10.94,11.14,10.88,11,47947186,8.816955
10.8,10.94,10.76,10.86,55903164,8.704739
10.7,10.74,10.62,10.7,43640135,8.576491
10.6,10.94,10.6,10.84,71963189,8.688705
11,11.14,10.94,11.06,61194170,8.865048
10.84,11.12,10.84,11.02,46889111,8.832984
10.84,11.08,10.82,11.04,41882998,8.849014
11.28,11.38,11.12,11.3,72189288,9.057416
11.38,11.48,11.26,11.44,37365391,9.169632
11.44,11.5,11.34,11.4,30500711,9.13757
11.38,11.38,11.12,11.2,35265360,8.977264
11.26,11.34,11.12,11.22,46644835,8.993294
11.16,11.28,11.1,11.14,37943316,8.929171
11.2,11.38,11.16,11.3,38603825,9.057416
11.6,11.86,11.5,11.64,129616455,9.329941
11.76,11.84,11.64,11.76,81914131,9.426127
11.8,11.82,11.64,11.72,57646605,9.394064
11.66,11.7,11.42,11.56,44038185,9.265818
11.3,11.48,11.3,11.34,41261279,9.089477
11.02,11.1,10.9,10.96,79348366,8.784892
11.06,11.08,10.82,10.88,50646281,8.720772
10.8,10.82,10.62,10.74,61690595,8.608555
10.6,10.62,10.34,10.52,103212778,8.432217
10.3,10.5,10.2,10.44,71546949,8.368091
10.46,10.52,10.22,10.26,47078785,8.223813
10.24,10.6,10.22,10.52,65144504,8.432217
10.32,10.32,10.04,10.12,74620189,8.111598
10.42,10.42,10.04,10.12,63600095,8.111598
10.04,10.16,9.9,10.1,74974928,8.095569
10.1,10.28,10.04,10.16,43628419,8.143658
10.28,10.38,10.2,10.22,54930705,8.191751
10,10.16,9.94,10.14,63597668,8.127628
10.14,10.18,10,10.08,41458379,8.079535
9.98,10.26,9.98,10.18,48786108,8.159691
9.9,10.26,9.9,10.2,31650019,8.175721
10.22,10.32,10.14,10.28,52358327,8.239843
9.99,10.12,9.8,9.88,94629671,8.078297
9.7,9.89,9.66,9.82,63696367,8.029238
9.82,9.96,9.76,9.78,72592033,7.996531
9.61,9.78,9.56,9.71,71687556,7.939296
9.71,9.78,9.61,9.65,42859232,7.890236
9.75,9.92,9.63,9.89,53573281,8.086471
10.16,10.16,10,10.04,74602119,8.209118
10.14,10.14,9.97,10.12,74772576,8.274529
10.42,10.46,10.3,10.38,54891804,8.487114
10.22,10.42,10.18,10.3,48701448,8.421705
10.26,10.4,10.14,10.38,32668949,8.487114
10.34,10.36,10.2,10.28,37030096,8.40535
10.28,10.6,10.26,10.52,76634083,8.601587
10.76,10.76,10.54,10.58,58661208,8.650644
10.56,10.6,10.44,10.56,40130645,8.63429
10.7,10.74,10.58,10.62,43365098,8.683349
10.52,10.66,10.42,10.46,60243960,8.552526
10.18,10.28,10.12,10.18,55433455,8.323587
10.16,10.18,10,10.06,43328833,8.225471
9.84,10,9.81,9.99,85708884,8.168236
9.86,9.98,9.73,9.79,126074043,8.004708
9.85,9.86,9.66,9.72,82417528,7.947473
9.67,10.08,9.67,9.95,80156827,8.135529
9.95,10.1,9.87,9.98,63903453,8.160059
10,10.06,9.81,9.85,73658054,8.053765
9.9,9.95,9.72,9.93,69048190,8.119176
10.06,10.06,9.72,9.88,65937907,8.078297
9.72,9.74,9.47,9.48,118600702,7.751239
9.46,9.51,9.41,9.49,75212540,7.759415
9.35,9.49,9.33,9.48,80971196,7.751239
9.37,9.38,9.25,9.27,104252784,7.579535
9.39,9.39,9.2,9.26,75136028,7.571358
9.36,9.5,9.29,9.4,65470422,7.685826
9.52,9.67,9.52,9.58,58381443,7.833001
9.67,9.67,9.42,9.5,48223952,7.767591
9.6,9.79,9.6,9.71,73478716,7.939296
9.8,9.8,9.66,9.79,57420950,8.004708
9.58,9.58,9.48,9.55,40116325,7.808474
9.48,9.66,9.38,9.42,52715688,7.70218
9.29,9.36,9.22,9.31,80552316,7.612238
9.31,9.44,9.29,9.38,50502812,7.669473
9.6,9.65,9.49,9.5,48495971,7.767591
9.6,9.62,9.43,9.55,64149301,7.808474
9.61,9.79,9.58,9.72,76227255,7.947473
9.76,9.93,9.71,9.85,88994931,8.053765
9.66,9.69,9.55,9.6,104413031,7.849355
9.45,9.5,9.31,9.43,132275735,7.710357
9.6,9.63,9.56,9.58,79720418,7.833001
9.62,9.66,9.6,9.64,82248140,7.882061
9.73,9.83,9.72,9.75,118084489,7.972001
9.76,9.91,9.73,9.81,92843750,8.02106
9.86,9.88,9.69,9.82,69865969,8.029238
9.84,9.85,9.67,9.71,47851213,7.939296
9.84,9.89,9.69,9.78,76011675,7.996531
9.7,9.77,9.63,9.71,63155483,7.939296
9.66,9.78,9.66,9.76,53323238,7.980176
9.82,9.95,9.8,9.88,73391454,8.078297
9.86,9.91,9.77,9.89,31591819,8.086471
9.81,9.95,9.73,9.86,62176304,8.061941
9.78,9.8,9.51,9.63,90534199,7.873885
9.67,9.81,9.65,9.71,54575805,7.939296
9.55,9.7,9.5,9.65,55939336,7.890236
9.63,9.63,9.41,9.5,91613800,7.767591
9.41,9.5,9.36,9.44,58555657,7.718532
9.55,9.56,9.43,9.45,43966581,7.726707
9.39,9.46,9.3,9.44,44296647,7.718532
9.4,9.43,9.33,9.35,53180481,7.644945
9.39,9.47,9.34,9.35,46813850,7.644945
9.44,9.44,9.33,9.34,43436119,7.636768
9.1,9.2,9.03,9.08,65829278,7.547413
9.08,9.16,9.05,9.12,49627912,7.580662
9.2,9.39,9.13,9.37,89105093,7.788465
9.3,9.42,9.25,9.37,70462031,7.788465
9.26,9.48,9.26,9.45,71017019,7.85496
9.55,9.61,9.51,9.58,73951438,7.963018
9.48,9.66,9.48,9.57,47938284,7.954709
9.86,9.95,9.82,9.91,119141998,8.237319
10,10.1,9.96,9.99,58704467,8.303817
10,10.06,9.93,9.95,74739541,8.270568
10,10.32,9.96,10.22,129534765,8.494994
10.12,10.18,9.93,10.04,92877537,8.345377
10.2,10.3,10.08,10.18,79821755,8.461748
10.02,10.16,9.97,10.14,46993779,8.4285
10.06,10.18,10.02,10.16,35732640,8.445125
9.98,10.06,9.95,10.04,31843587,8.345377
10.04,10.36,9.97,10.16,65838916,8.445125
10.14,10.3,10.12,10.16,42099699,8.445125
9.96,10.14,9.96,10.06,57425896,8.362001
9.99,10.06,9.96,10,44996366,8.312128
10.16,10.24,10.04,10.12,39107998,8.411874
10,10.1,9.9,9.93,73665969,8.253944
9.95,10.32,9.95,10.14,100373702,8.4285
10.08,10.32,10.06,10.2,45183428,8.478371
10.12,10.42,10.12,10.38,69763333,8.62799
10.4,10.5,10.32,10.38,42354396,8.62799
10.5,10.56,10.4,10.46,55226657,8.694488
10.58,10.78,10.52,10.7,102771872,8.893978
10.7,10.88,10.68,10.86,70005062,9.026971
10.9,11.08,10.9,11.02,82018652,9.159966
10.98,11.14,10.88,11.08,76677654,9.209839
10.88,11.02,10.84,10.94,64234127,9.09347
10.82,10.82,10.66,10.68,85496937,8.877353
10.78,10.78,10.56,10.66,64315527,8.860728
10.68,10.74,10.52,10.54,45387591,8.760983
10.66,10.86,10.58,10.76,66064362,8.943851
10.78,10.98,10.74,10.8,74303209,8.977097
10.6,10.66,10.34,10.58,142859185,8.794233
10.3,10.54,10.3,10.52,108423863,8.744361
10.66,10.82,10.56,10.66,97480298,8.860728
10.56,10.64,10.46,10.54,59162213,8.760983
10.64,10.64,10.44,10.56,43611960,8.777608
10.58,10.7,10.44,10.68,67277533,8.877353
10.46,10.54,10.32,10.36,83082826,8.611365
10.24,10.34,10.2,10.26,72868980,8.528243
10.26,10.36,10.2,10.34,54192161,8.594741
10.2,10.28,10.1,10.14,62113709,8.4285
10.24,10.32,10.08,10.28,55805558,8.544868
10.2,10.28,10.06,10.1,58764913,8.395252
10.08,10.24,10.06,10.14,60600930,8.4285
10.24,10.28,10.12,10.22,43521132,8.494994
10.3,10.34,10.12,10.16,58996618,8.445125
10.26,10.26,10.02,10.18,76354846,8.461748
10.2,10.34,10.18,10.28,73448319,8.544868
10.18,10.32,10.18,10.28,72196098,8.544868
10.32,10.32,10.16,10.18,64342679,8.461748
10.24,10.42,10.22,10.28,76339911,8.544868
10.18,10.2,10.06,10.18,63943254,8.461748
10.24,10.3,10.08,10.2,52768495,8.478371
10.2,10.44,10.16,10.38,93654406,8.62799
10.42,10.48,10.14,10.24,51539335,8.511621
10.18,10.34,10.12,10.32,39198693,8.578115
10.3,10.66,10.3,10.56,104023078,8.777608
10.62,10.68,10.5,10.64,86964203,8.844108
10.6,10.86,10.6,10.68,76679551,8.877353
10.76,10.82,10.62,10.7,43041190,8.893978
10.78,10.78,10.62,10.68,42338371,8.877353
10.78,10.82,10.66,10.8,53637985,8.977097
10.66,10.86,10.64,10.76,56563739,8.943851
10.78,11,10.74,10.9,73865144,9.060221
10.98,10.98,10.8,10.86,56296013,9.026971
10.76,10.88,10.76,10.84,44759993,9.010348
10.88,11.06,10.76,11,78085795,9.143344
11,11.06,10.84,11.02,64320192,9.159966
10.88,11.1,10.82,11.06,77118508,9.193217
10.99,11.13,10.88,11.04,59060327,9.1765915
11.1,11.16,10.94,11.02,41002146,9.159966
11.02,11.08,10.92,11.02,39376622,9.159966
11.032,11.164,10.992,11.116,71311231.4,9.239763
11.04,11.22,11.04,11.18,92600971,9.292961
11.26,11.32,11.1,11.3,112654297,9.392706
11.24,11.28,11.1,11.2,59991192,9.309586
11.14,11.2,11.02,11.1,70152067,9.226461
11.02,11.1,10.86,10.9,64673135,9.060221
11,11.08,10.88,10.92,76890351,9.076843
10.88,11.04,10.84,10.94,70547786,9.09347
11,11,10.84,10.88,48293952,9.043596
10.82,11,10.82,11,49237385,9.143344
10.84,10.98,10.82,10.9,50783232,9.060221
10.98,10.98,10.82,10.92,57013063,9.076843
11,11,10.86,10.92,43081543,9.076843
11,11.2,11,11.14,88920248,9.259711
11.02,11.16,11.02,11.12,32373319,9.243087
11.16,11.26,11.08,11.16,60975206,9.276336
11.14,11.18,11.06,11.14,66828657,9.259711
11.04,11.24,11.04,11.1,57231951,9.226461
11.16,11.16,10.96,11.04,57585532,9.176589
11.04,11.16,11.02,11.06,59740702,9.193217
11,11.12,10.94,11.08,55777933,9.209839
11.2,11.32,11.08,11.14,102150324,9.259711
11.04,11.08,10.94,11.06,67160825,9.193217
10.96,11.12,10.88,11.1,52828612,9.226461
11.1,11.2,10.84,10.94,75379476,9.09347
10.66,10.72,10.52,10.64,116332846,8.844108
10.56,10.68,10.56,10.62,81514148,8.827481
10.56,10.82,10.44,10.72,106681512,8.910604
10.6,10.76,10.5,10.58,91710310,8.794233
10.58,10.68,10.54,10.62,51471240,8.827481
10.56,10.66,10.52,10.64,43496085,8.844108
10.58,10.64,10.44,10.52,61710767,8.744361
10.5,10.62,10.42,10.44,48893018,8.677862
10.54,10.78,10.5,10.74,104192913,8.927226
10.54,10.76,10.52,10.66,94654444,8.860728
10.58,10.82,10.52,10.7,93572299,8.893978
10.88,10.9,10.62,10.72,42640189,8.910604
10.66,10.76,10.52,10.58,54625729,8.794233
10.52,10.6,10.42,10.56,62814232,8.777608
10.7,10.74,10.6,10.66,58929250,8.860728
10.54,10.64,10.46,10.5,70339118,8.727734
10.42,10.5,10.32,10.36,57772697,8.611365
10.32,10.56,10.3,10.46,54039615,8.694488
10.58,10.72,10.44,10.66,51713655,8.860728
10.6,10.7,10.54,10.64,42701962,8.844108
10.7,10.84,10.64,10.8,59054428,8.977097
10.88,10.96,10.78,10.88,60336380,9.043596
10.9,11,10.8,10.84,86846779,9.010348
10.8,10.86,10.62,10.68,64223455,8.877353
10.56,10.74,10.5,10.66,53765906,8.860728
10.6,10.7,10.46,10.58,67502881,8.794233
10.34,10.52,10.32,10.4,55614710,8.644615
10.5,10.58,10.32,10.36,49304191,8.611365
10.3,10.48,10.22,10.44,58166037,8.677862
10.48,10.56,10.34,10.38,51412615,8.62799
10.3,10.36,10.12,10.24,104853570,8.511621
10.38,10.38,10.1,10.14,90643184,8.4285
10.08,10.32,10.04,10.18,97365650,8.461748
10.22,10.38,10.22,10.24,64823025,8.511621
10.14,10.26,10.06,10.18,73249092,8.461748
10.24,10.46,10.18,10.28,66314772,8.544868
10.28,10.34,10.16,10.28,33339720,8.544868
10.04,10.08,9.81,9.85,104865897,8.187447
9.81,10.06,9.81,9.89,50549352,8.220696
9.97,10.12,9.89,10,44520672,8.312128
9.98,10.02,9.83,10.02,64631565,8.328754
10.02,10.16,9.92,9.98,36258353,8.295504
10,10.04,9.87,9.9,54029529,8.229008
9.85,9.85,9.59,9.67,66797563,8.037828
9.5,9.55,9.46,9.49,75466464,7.888209
9.51,9.53,9.35,9.36,101715724,7.780153
9.21,9.45,9.21,9.31,58760769,7.738593
9.26,9.5,9.26,9.47,96409954,7.871585
9.53,9.58,9.4,9.52,47909948,7.913147
9.49,9.52,9.27,9.41,70630266,7.821712
9.53,9.59,9.45,9.56,61150199,7.946397
9.64,9.81,9.64,9.69,62138137,8.054451
9.8,9.98,9.77,9.88,119754521,8.212383
9.82,9.87,9.71,9.83,56452944,8.170823
9.89,10,9.82,9.87,55776963,8.204072
9.7,9.71,9.55,9.66,67020152,8.029516
9.67,9.7,9.5,9.53,88699806,7.921458
9.69,9.82,9.64,9.73,81092320,8.087703
9.66,10,9.66,9.97,80538012,8.287192
10.08,10.38,10.02,10.26,134301337,8.528243
10.36,10.44,10.14,10.24,67897905,8.511621
10.2,10.38,10.16,10.26,62574833,8.528243
10.12,10.18,9.98,10.06,60402894,8.362001
10.08,10.14,9.9,10,48406270,8.312128
9.99,10.06,9.95,10.02,37019653,8.328754
9.85,9.96,9.76,9.81,87160277,8.154198
9.87,10,9.83,9.93,69938207,8.253944
9.81,9.88,9.77,9.82,63392089,8.16251
9.7,9.89,9.65,9.71,90466536,8.071077
9.52,9.59,9.4,9.43,117321804,7.838338
9.45,9.56,9.39,9.45,61866131,7.85496
9.4,9.53,9.37,9.5,65364178,7.896521
9.54,9.6,9.44,9.55,56236125,7.938085
9.36,9.4,9.23,9.27,71044140,7.812561
9.26,9.35,9.16,9.24,86162687,7.787276
9.23,9.25,9,9.04,131552554,7.61872
9,9.09,8.96,9,78843020,7.585009
9.03,9.19,8.97,9.07,70224786,7.644003
9.02,9.07,8.87,9,75537493,7.585009
9,9.03,8.91,8.93,50915106,7.526015
8.91,8.99,8.88,8.89,56905071,7.492305
8.8,8.91,8.68,8.79,75373309,7.408025
8.68,8.78,8.55,8.64,63285943,7.28161
8.5,8.55,8.21,8.31,148473226,7.003492
8.39,8.4,8.24,8.27,99533681,6.969781
8.31,8.63,8.26,8.52,78527044,7.180475
8.41,8.63,8.33,8.59,86185109,7.23947
8.6,8.6,8.37,8.41,101068553,7.087769
8.3,8.33,8.13,8.22,105023716,6.927642
8.07,8.2,7.97,8.11,210748800,6.834936
8.02,8.07,7.8,7.91,120706483,6.66638
7.85,8.03,7.73,7.86,112874515,6.624242
7.91,8,7.76,7.96,95065697,6.708519
7.99,8.19,7.92,7.98,68641370,6.725375
8.09,8.37,8.01,8.25,123476382,6.952925
8.78,8.88,8.63,8.8,309719758,7.416453
8.9,8.94,8.65,8.8,192252980,7.416453
8.93,9.08,8.86,8.96,124428024,7.551298
9.12,9.16,8.82,8.97,119773860,7.559727
8.84,9.04,8.6,8.9,109171280,7.500731
8.88,8.99,8.81,8.98,60040450,7.568154
9.06,9.2,8.94,9.12,99659924,7.686144
9.2,9.39,9.19,9.35,127283601,7.879981
9.31,9.39,9.19,9.25,76813517,7.795705
9.18,9.37,9.14,9.18,64171998,7.736709
9.13,9.25,9.02,9.12,50614071,7.686144
9.15,9.35,9.05,9.19,52783117,7.745136
9.19,9.29,9.15,9.24,54776611,7.787276
9.24,9.25,9,9.24,52156417,7.787276
9.33,9.33,9.16,9.28,58176934,7.820988
9.35,9.59,9.31,9.45,159400827,7.964259
9.45,9.47,9.18,9.26,111889282,7.804132
9.19,9.29,9.17,9.21,44795661,7.761993
9.14,9.39,9.14,9.24,64924586,7.787276
9.21,9.21,9.05,9.14,41107203,7.702998
9.2,9.35,9.18,9.22,58351440,7.770421
9.09,9.19,9.06,9.07,69479915,7.644003
9.16,9.26,9.12,9.15,38378208,7.711425
9.24,9.3,9.15,9.19,43990293,7.745136
9.16,9.2,9.12,9.13,30993918,7.69457
9.1,9.1,8.93,9.04,57551447,7.61872
8.9,8.96,8.78,8.8,96267936,7.416453
8.85,8.97,8.81,8.82,42198997,7.433311
8.95,9,8.82,8.87,43071833,7.475448
8.9,9.25,8.85,9.2,86435941,7.753565
9.19,9.39,9.16,9.33,75237422,7.863125
9.33,9.33,9.33,9.33,0,7.863125
9.29,9.37,9.2,9.28,96239584,7.820988
9.03,9.15,8.95,9.04,203302509,7.61872
8.99,9.03,8.92,8.94,70105006,7.534444
8.9,8.95,8.59,8.61,156982580,7.256325
8.74,8.74,8.57,8.61,91669927,7.256325
8.52,8.72,8.52,8.7,56741703,7.332175
8.65,8.66,8.48,8.5,171958874,7.163621
8.51,8.72,8.48,8.65,88344106,7.290038
8.65,8.65,8.65,8.65,0,7.290038
8.25,8.35,8.14,8.27,289410159,6.969781
8.37,8.47,8.37,8.42,285182079,7.096197
8.35,8.48,8.34,8.44,122009435,7.113053
8.43,8.64,8.43,8.54,100762616,7.197331
8.55,8.65,8.53,8.59,123065781,7.23947
8.4,8.51,8.36,8.48,94591709,7.283359
8.52,8.73,8.49,8.7,139796173,7.472314
8.72,8.82,8.66,8.7,102155177,7.472314
8.75,8.85,8.7,8.81,64124270,7.566793
8.85,8.88,8.71,8.83,93348739,7.58397
8.85,8.85,8.56,8.6,153119514,7.386425
8.56,8.77,8.56,8.69,97398941,7.463724
8.65,8.72,8.63,8.67,57780462,7.446549
8.78,8.84,8.71,8.82,82461924,7.575381
8.77,8.81,8.71,8.76,61623884,7.523847
8.81,8.81,8.71,8.74,50272060,7.50667
8.9,8.96,8.86,8.93,121046758,7.66986
8.9,8.93,8.74,8.85,75818765,7.601147
8.79,8.8,8.67,8.72,82371243,7.489491
8.7,8.82,8.66,8.68,59801520,7.455135
8.6,8.71,8.6,8.66,46428477,7.43796
8.62,8.74,8.62,8.71,62378897,7.480902
8.66,8.71,8.51,8.56,67957236,7.352068
8.65,8.65,8.5,8.52,59654294,7.317715
8.61,8.68,8.55,8.64,46220547,7.420782
8.55,8.64,8.52,8.61,46687782,7.395014
8.56,8.6,8.5,8.55,66533160,7.343481
8.58,8.75,8.54,8.68,64166214,7.455135
8.6,8.91,8.6,8.89,138878212,7.635502
8.91,8.91,8.7,8.82,95277168,7.575381
8.97,9,8.9,8.91,86447125,7.652679
9.05,9.05,8.94,8.99,51207776,7.721391
9.04,9.1,8.95,9.08,82219570,7.79869
9.11,9.18,8.96,8.98,60861849,7.712802
9.02,9.11,9.02,9.09,56778860,7.807281
9.16,9.16,9.01,9.04,29844407,7.764335
9.01,9.12,8.97,9.1,38976153,7.815868
9.18,9.18,8.87,8.94,120085282,7.678448
8.96,8.96,8.85,8.86,69605145,7.609736
8.8,8.8,8.64,8.72,89929619,7.489491
8.8,8.81,8.72,8.77,38925335,7.532437
8.81,8.96,8.81,8.91,63755692,7.652679
8.85,9.01,8.81,9,85101185,7.72998
8.82,8.93,8.82,8.88,85662826,7.626914
8.8,8.88,8.72,8.82,107828159,7.575381
8.8,8.89,8.76,8.79,62677076,7.549613
8.84,8.87,8.69,8.71,79830681,7.480902
8.68,8.7,8.58,8.67,90736282,7.446549
8.64,8.69,8.56,8.63,68296369,7.412193
8.55,8.65,8.55,8.61,53138281,7.395014
8.58,8.83,8.53,8.74,69987235,7.50667
8.7,8.81,8.7,8.71,56645373,7.480902
8.6,8.63,8.5,8.5,108978081,7.300538
8.6,8.65,8.54,8.59,40927315,7.377837
8.65,8.83,8.65,8.83,110592846,7.58397
9.03,9.29,9.02,9.26,231289780,7.95329
9.34,9.65,9.3,9.49,268927581,8.150833
9.49,9.64,9.46,9.59,89195109,8.236723
9.57,9.57,9.42,9.44,62249944,8.107889
9.58,9.6,9.34,9.42,88012427,8.090714
9.38,9.41,9.27,9.32,107353179,8.004824
9.22,9.31,9.18,9.23,81480242,7.927523
9.14,9.28,9.12,9.19,99840503,7.893169
9.27,9.34,9.09,9.1,75116063,7.815868
9.2,9.2,9.11,9.17,34111248,7.875991
9.17,9.27,9.1,9.21,78670285,7.910347
9.08,9.15,9.04,9.12,60568782,7.833048
9.04,9.1,8.96,8.97,87602704,7.704214
9.02,9.09,8.92,9.06,77419260,7.781514
9.04,9.18,9.01,9.14,75612531,7.850223
9.23,9.25,9.06,9.08,54968930,7.79869
8.95,9.07,8.95,8.99,54372828,7.721391
8.96,8.99,8.72,8.76,109279482,7.523847
8.7,8.75,8.65,8.69,73798298,7.463724
8.61,8.83,8.61,8.72,66244596,7.489491
8.61,8.72,8.61,8.65,48539032,7.429369
8.68,8.71,8.5,8.55,94943679,7.343481
8.52,8.7,8.5,8.6,54164634,7.386425
8.62,8.68,8.41,8.48,83004678,7.283359
8.49,8.57,8.4,8.44,70020312,7.249004
8.44,8.5,8.4,8.45,39870453,7.257593
8.43,8.59,8.43,8.54,37323903,7.334891
8.45,8.55,8.45,8.5,37953959,7.300538
8.57,8.6,8.41,8.48,55811597,7.283359
8.5,8.55,8.45,8.5,28142357,7.300538
8.55,8.55,8.37,8.46,48167765,7.266181
8.3,8.32,8.16,8.2,100428762,7.042871
8.16,8.18,8.02,8.14,66144441,6.991338
8.1,8.16,8.02,8.09,75045733,6.948393
8.06,8.14,8.02,8.11,102055893,6.96557
8.05,8.11,8,8,87365900,6.871094
7.95,8.03,7.94,8,77047461,6.871094
8.11,8.12,7.98,8.03,37471657,6.896861
7.92,8.04,7.92,7.98,54925700,6.853916
8.08,8.08,7.98,8.01,34966980,6.879682
8.04,8.08,7.95,8.05,77083684,6.914037
8,8.18,7.9,8.1,73817399,6.956983
8.01,8.13,7.97,8.05,56464840,6.914037
8.12,8.16,8.05,8.07,78017646,6.931215
8.01,8.07,7.95,8.03,88912021,6.896861
8.09,8.13,7.91,7.93,88600828,6.81097
7.9,7.91,7.82,7.87,96892911,6.759438
7.78,7.84,7.7,7.74,95962618,6.647783
7.78,7.78,7.63,7.69,124376457,6.604838
7.73,7.76,7.62,7.62,107275945,6.544716
7.55,7.57,7.38,7.51,107546736,6.45024
7.42,7.43,7.31,7.33,104314579,6.295639
7.48,7.48,7.32,7.39,93708550,6.347173
7.39,7.55,7.35,7.43,95360615,6.381527
7.57,7.65,7.49,7.55,101480172,6.484595
7.55,7.76,7.55,7.67,142029127,6.587661
7.7,7.83,7.7,7.78,119648620,6.682138
7.88,7.98,7.86,7.94,153825576,6.819561
7.9,7.93,7.76,7.81,73135461,6.707905
7.91,7.92,7.75,7.82,65134552,6.716494
7.89,7.94,7.86,7.94,48637830,6.819561
7.88,7.93,7.81,7.91,47645959,6.793794
7.89,7.98,7.85,7.95,79723700,6.828149
8.26,8.3,8.01,8.15,271746886,6.999926
8.16,8.21,8.04,8.12,86510282,6.97416
8.08,8.1,7.81,7.9,102404521,6.785205
7.97,8.01,7.84,7.9,80718532,6.785205
7.88,8.05,7.86,8,87804133,6.871094
8.04,8.24,8.03,8.15,135914773,6.999926
8.26,8.39,8.16,8.18,209277163,7.025693
8.1,8.18,7.98,8.09,133453774,6.948393
8.14,8.27,8.09,8.24,110432597,7.077226
8.28,8.3,8.04,8.06,101117480,6.922627
8.07,8.21,8.07,8.1,61255822,6.956983
8.1,8.2,8.08,8.1,65392334,6.956983
7.98,8.1,7.9,7.98,87633460,6.853916
7.99,8,7.88,7.88,53590169,6.768027
7.76,7.79,7.67,7.78,80403183,6.682138
7.71,7.87,7.65,7.7,56079285,6.613427
7.64,7.68,7.6,7.67,63683630,6.587661
7.66,7.83,7.63,7.69,69579869,6.604838
7.75,7.75,7.62,7.69,59994385,6.604838
7.63,7.73,7.61,7.69,39985414,6.604838
7.6,7.78,7.54,7.62,64179090,6.544716
7.73,7.97,7.71,7.86,134960875,6.75085
8.15,8.34,8.11,8.29,212341342,7.120171
8.29,8.32,8.19,8.22,83844827,7.060049
8.35,8.38,8.28,8.36,109872534,7.180293
8.38,8.47,8.29,8.42,112564890,7.231826
8.47,8.54,8.43,8.49,108861947,7.291947
8.55,8.55,8.42,8.45,95192996,7.257593
8.43,8.59,8.43,8.56,71276394,7.352068
8.52,8.57,8.46,8.55,68584792,7.343481
8.61,8.68,8.51,8.59,65998059,7.377837
8.64,8.79,8.59,8.69,95198291,7.463724
8.72,8.79,8.59,8.7,61708676,7.472314
8.75,8.8,8.7,8.73,84847469,7.498081
8.74,8.78,8.66,8.72,88666306,7.489491
8.69,8.98,8.57,8.86,164992807,7.609736
8.8,8.95,8.77,8.85,100620948,7.601147
8.86,8.95,8.84,8.85,52579976,7.601147
8.84,8.88,8.64,8.68,70616474,7.455135
8.68,8.83,8.62,8.73,74314956,7.498081
8.8,8.82,8.68,8.78,55088648,7.541025
8.6,8.85,8.6,8.76,66647356,7.523847
8.72,8.79,8.7,8.77,53437981,7.532437
8.85,8.85,8.76,8.83,69011206,7.58397
8.78,8.83,8.73,8.8,122761643,7.558203
8.73,8.96,8.73,8.95,120195608,7.687036
8.99,8.99,8.85,8.97,81165076,7.704214
8.98,8.98,8.89,8.98,95063958,7.712802
8.82,8.96,8.79,8.94,71582207,7.678448
8.87,8.93,8.69,8.77,60036405,7.532437
8.86,8.87,8.69,8.78,72050530,7.541025
8.82,8.99,8.82,8.93,89875923,7.66986
8.84,8.97,8.81,8.94,54824195,7.678448
8.97,9.06,8.84,8.99,85662668,7.721391
9.11,9.25,9.07,9.24,135326592,7.936114
9.26,9.33,9.18,9.23,97153481,7.927523
9.19,9.29,9.13,9.21,49925593,7.910347
9.25,9.25,9.1,9.23,63751149,7.927523
9.17,9.32,9.11,9.28,81361889,7.970468
9.28,9.34,9.24,9.28,74630767,7.970468
9.23,9.35,9.22,9.3,63290726,7.987648
9.32,9.48,9.32,9.47,86599825,8.133657
9.47,9.5,9.42,9.45,58674959,8.116479
9.5,9.5,9.29,9.39,49454725,8.064948
9.33,9.43,9.3,9.42,41024918,8.090714
9.22,9.37,9.11,9.26,86886093,8.124192
9.29,9.32,9.17,9.22,64320397,8.0891
9.33,9.33,9.2,9.25,80748025,8.115419
9.34,9.35,9.27,9.34,62529355,8.194378
9.33,9.41,9.23,9.31,46677564,8.168058
9.22,9.4,9.22,9.38,50277403,8.229473
9.35,9.43,9.31,9.37,52497384,8.2207
9.35,9.4,9.29,9.39,45882542,8.238248
9.44,9.52,9.41,9.5,78509408,8.334755
9.55,9.56,9.45,9.5,45557177,8.334755
9.55,9.55,9.4,9.45,40428879,8.290886
9.43,9.54,9.43,9.49,57335333,8.32598
9.54,9.63,9.46,9.58,69319043,8.404941
9.51,9.59,9.48,9.55,44723636,8.378622
9.54,9.61,9.51,9.59,52461651,8.413714
9.68,9.77,9.65,9.68,87567250,8.492676
9.75,9.77,9.67,9.71,83861685,8.518997
9.78,9.84,9.57,9.66,117591512,8.475129
9.69,9.69,9.56,9.62,47859095,8.440036
9.66,9.66,9.49,9.58,43119023,8.404941
9.59,9.83,9.59,9.82,71358868,8.615505
9.82,9.86,9.72,9.75,65942004,8.55409
9.8,9.88,9.72,9.79,75274924,8.589184
9.83,9.95,9.81,9.93,79215684,8.712011
9.95,9.98,9.79,9.81,90673455,8.60673
9.85,9.92,9.78,9.81,41862427,8.60673
9.78,9.81,9.7,9.78,38017080,8.58041
9.72,9.81,9.72,9.8,39554458,8.597957
9.75,9.77,9.56,9.65,56651037,8.466354
9.76,9.86,9.71,9.8,72688049,8.597957
9.76,9.92,9.76,9.91,72218078,8.694466
9.95,10.04,9.92,9.99,62805969,8.764651
10.04,10.1,10,10.08,70294692,8.843614
10.12,10.18,10.02,10.18,60521949,8.931347
10.18,10.22,10.08,10.16,69038559,8.9138
10.04,10.2,10.02,10.18,41228760,8.931347
10.3,10.3,10.14,10.16,63393069,8.9138
10.22,10.5,10.2,10.48,96201616,9.19455
10.52,10.8,10.5,10.8,129037116,9.475299
10.98,10.98,10.62,10.9,150557611,9.563034
10.82,10.84,10.72,10.82,82703736,9.492846
10.86,10.9,10.64,10.68,75837850,9.370019
10.64,10.66,10.32,10.44,167519888,9.159455
10.38,10.74,10.34,10.44,176011835,9.159455
10.44,10.52,10.1,10.18,164903988,8.931347
10.1,10.18,10.08,10.14,115382619,8.896255
10.28,10.28,10.08,10.1,81285755,8.861161
10.2,10.2,10.04,10.12,52692566,8.878704
10.14,10.14,10,10.12,61609313,8.878704
10.06,10.12,10.06,10.12,52842121,8.878704
10.14,10.4,10.02,10.24,80143778,8.983987
10.42,10.58,10.34,10.56,91875863,9.264736
10.74,10.82,10.58,10.8,123430907,9.475299
10.84,10.94,10.58,10.86,130698778,9.52794
10.9,10.9,10.64,10.68,77714571,9.370019
10.7,10.82,10.66,10.74,59878608,9.422659
10.84,10.84,10.64,10.76,68120743,9.440205
10.88,10.9,10.74,10.86,65316202,9.52794
10.8,10.9,10.7,10.76,45102513,9.440205
10.8,10.82,10.6,10.74,64934144,9.422659
10.86,10.9,10.68,10.88,50963978,9.545486
10.88,11.06,10.82,10.98,88028917,9.633221
11.06,11.28,11,11.24,144912001,9.86133
11.24,11.38,11.14,11.28,109691743,9.896421
11.26,11.36,10.88,10.96,92794733,9.615674
10.84,11.04,10.82,11,69350951,9.650769
10.92,11.28,10.92,11.22,84242807,9.843782
11.16,11.24,10.88,11.16,73737963,9.791143
11.22,11.5,11.1,11.5,114725576,10.089439
11.5,11.7,11.48,11.62,107730833,10.19472
11.7,11.7,11.34,11.48,95843486,10.071891
11.58,11.58,11.38,11.46,45639272,10.054345
11.2,11.24,11.04,11.06,104859156,9.703411
10.8,10.84,10.64,10.68,112187620,9.551948
10.6,10.66,10.42,10.54,118414841,9.426733
10.44,10.52,10.32,10.44,84656279,9.337296
10.44,10.52,10.3,10.32,63522102,9.229968
10.52,10.86,10.52,10.72,121465954,9.587722
10.62,10.64,10.44,10.56,64697081,9.444621
10.56,10.62,10.4,10.52,84918011,9.408847
10.42,10.42,10.18,10.26,106863524,9.176308
10.2,10.34,10.06,10.2,80242882,9.122645
10.2,10.48,10.12,10.4,74471464,9.301519
10.56,10.6,10.32,10.4,77063256,9.301519
10.24,10.4,10.24,10.32,44157275,9.229968
10.1,10.3,10.02,10.1,84375732,9.03321
10.1,10.1,9.94,9.95,64402318,8.899049
10,10.12,9.87,10,104948714,8.943769
9.96,10.1,9.91,10.02,62311675,8.961658
9.91,10.14,9.91,10.08,88328960,9.015319
9.97,10,9.82,9.88,87268015,8.836445
9.94,10,9.86,9.93,43483789,8.881164
9.75,9.8,9.56,9.68,106951606,8.65757
9.49,9.66,9.38,9.57,96640041,8.559188
9.47,9.63,9.41,9.5,73290708,8.496581
9.45,9.49,9.22,9.32,113325066,8.335592
9.22,9.39,9.12,9.29,84268641,8.308763
9.28,9.45,9.17,9.38,95080763,8.389256
9.5,9.6,9.38,9.4,76799484,8.407143
9.34,9.52,9.28,9.36,43617998,8.371369
9.48,9.77,9.42,9.64,103582143,8.621794
9.55,9.64,9.53,9.6,57681833,8.586019
9.58,9.68,9.46,9.58,39850846,8.56813
9.5,9.53,9.38,9.46,56487315,8.460807
9.4,9.63,9.35,9.57,90656917,8.559188
9.67,9.91,9.67,9.84,127456280,8.80067
9.76,9.77,9.59,9.65,103599146,8.630738
9.68,9.95,9.64,9.71,126643952,8.684401
9.67,9.68,9.45,9.56,84991784,8.550245
9.46,9.69,9.46,9.6,85011796,8.586019
9.57,9.58,9.29,9.36,110450288,8.371369
9.37,9.39,9.22,9.31,41945116,8.32665
9.32,9.32,9.15,9.18,114562255,8.210382
9.46,9.51,9.18,9.21,88420871,8.237213
9.2,9.2,9,9.01,134426439,8.058337
9,9.09,8.97,9.05,95854155,8.094111
9.02,9.03,8.8,8.83,199772111,7.897349
8.8,8.8,8.62,8.68,154530889,7.763192
8.78,8.8,8.62,8.63,103622306,7.718474
8.65,8.71,8.49,8.54,77768105,7.637979
8.47,8.52,8.35,8.47,94648032,7.575373
8.47,8.65,8.44,8.54,96825200,7.637979
8.63,8.76,8.47,8.7,125022540,7.781079
9.04,9.06,8.96,8.99,226151041,8.04045
8.9,8.92,8.74,8.77,134772167,7.843687
8.7,8.82,8.61,8.76,134501608,7.834743
8.85,8.89,8.64,8.7,70807293,7.781079
8.4,8.47,8.21,8.41,226498826,7.521709
8.21,8.3,8,8.04,173837603,7.190791
8.24,8.3,8.14,8.19,148639855,7.324947
8.2,8.21,7.93,7.94,154629196,7.101353
8.03,8.52,7.95,8.5,198719755,7.602205
8.48,8.76,8.29,8.64,219688184,7.727418
8.59,8.63,8.4,8.52,154863149,7.620092
8.34,8.39,8.11,8.24,126818306,7.369666
8.16,8.25,8.08,8.16,93882024,7.298116
8.01,8.11,7.98,8.07,120533584,7.217622
8.02,8.15,8.02,8.09,59603929,7.235509
7.98,8.41,7.95,8.25,129707058,7.378609
8.04,8.15,8,8.06,161692341,7.208679
8.07,8.27,8.03,8.25,130635693,7.378609
8.49,8.58,8.36,8.41,202624049,7.521709
8.41,8.45,8.21,8.38,131960146,7.494879
8.59,8.84,8.53,8.72,212811249,7.798967
8.64,8.82,8.58,8.59,64354944,7.682698
8.62,8.72,8.62,8.63,30532774,7.718474
8.81,8.96,8.74,8.78,101817117,7.852629
8.75,8.8,8.46,8.53,103166833,7.629034
8.6,8.62,8.48,8.6,36587754,7.691642
8.64,8.76,8.62,8.69,72495583,7.772134
8.61,8.95,8.51,8.74,143645482,7.816854
8.61,8.62,8.45,8.53,154898575,7.629034
8.4,8.58,8.33,8.57,121092537,7.664811
8.7,8.81,8.63,8.78,171625637,7.852629
8.9,9.04,8.79,8.81,136449914,7.879462
8.78,8.81,8.66,8.77,57659712,7.843687
8.64,8.87,8.63,8.79,83015899,7.861573
8.76,8.8,8.66,8.73,78132937,7.807911
8.81,8.88,8.72,8.86,93527224,7.924179
8.77,8.79,8.67,8.72,99399025,7.798967
8.7,8.79,8.36,8.5,158000800,7.602205
8.58,8.61,8.45,8.55,82434101,7.646923
8.52,8.58,8.41,8.57,88731263,7.664811
8.67,8.83,8.66,8.7,142891946,7.781079
8.82,8.94,8.81,8.92,134407954,7.977842
8.84,8.87,8.73,8.83,69026993,7.897349
8.92,8.92,8.68,8.7,110141584,7.781079
8.66,8.68,8.58,8.6,100493816,7.691642
8.52,8.52,8.33,8.42,171948291,7.530654
8.49,8.5,8.33,8.39,70878729,7.503823
8.46,8.46,8.37,8.44,65676767,7.548542
8.6,8.64,8.51,8.6,110369411,7.691642
8.78,8.86,8.74,8.76,130585333,7.834743
8.85,8.85,8.51,8.56,101513725,7.655866
8.64,8.65,8.48,8.57,65523271,7.664811
8.45,8.61,8.45,8.59,51321892,7.682698
8.61,8.65,8.54,8.57,41486814,7.664811
8.52,8.6,8.51,8.52,52204117,7.620092
8.55,8.57,8.44,8.54,76456998,7.637979
8.6,8.64,8.56,8.59,62123434,7.682698
8.63,8.7,8.62,8.68,51828552,7.763192
8.61,8.73,8.61,8.71,37092432,7.790023
8.8,9.09,8.8,8.98,159242820,8.031505
8.95,8.96,8.76,8.89,74952193,7.951012
8.82,8.86,8.77,8.81,49203260,7.879462
8.86,8.88,8.77,8.84,60138976,7.906292
8.78,9.07,8.78,9.02,134683740,8.067281
8.97,9.06,8.89,9,87658117,8.049393
9.01,9.05,8.91,8.94,97123810,7.995729
8.9,8.94,8.7,8.76,120206928,7.834743
8.79,8.8,8.54,8.59,116826929,7.682698
8.54,8.56,8.36,8.45,153269051,7.557485
8.39,8.46,8.39,8.41,82398858,7.521709
8.3,8.4,8.28,8.37,91085562,7.485935
8.29,8.34,8.28,8.3,53559187,7.423328
8.25,8.34,8.17,8.19,82547888,7.324947
8.15,8.27,8.15,8.21,81635590,7.342835
8.16,8.31,8.16,8.24,68037311,7.369666
8.19,8.28,8.17,8.21,56767132,7.342835
8.12,8.17,8.1,8.13,84700484,7.271285
8.1,8.3,8.1,8.24,89936689,7.369666
8.32,8.45,8.31,8.43,78659686,7.539598
8.36,8.48,8.32,8.37,83259963,7.485935
8.31,8.38,8.18,8.3,78664318,7.423328
8.25,8.26,8.11,8.17,96549199,7.30706
8.14,8.31,8.14,8.28,69692977,7.405441
8.28,8.44,8.21,8.35,83805312,7.468049
8.36,8.41,8.25,8.34,55378152,7.459104
8.43,8.58,8.42,8.51,142041681,7.611148
8.69,8.69,8.57,8.58,122057477,7.673755
8.65,8.68,8.59,8.63,71564888,7.718474
8.77,8.79,8.69,8.75,86819597,7.825799
9,9.35,8.95,9.32,297801070,8.335592
9.56,10.34,9.52,9.93,423124120,8.881164
10.04,10.14,9.76,9.95,206429141,8.899049
10,10.1,9.87,10.06,183790980,8.997432
9.82,10.18,9.82,9.93,158769144,8.881164
10.18,10.18,9.95,10.1,173398325,9.03321
10.2,10.58,10.16,10.5,283815118,9.390958
10.52,11.04,10.48,10.62,274730130,9.498283
10.44,10.46,9.93,9.97,257863741,8.91694
9.86,10.3,9.86,10.18,142806571,9.104757
10.14,10.26,9.94,10.14,86689956,9.068983
10.1,10.26,10,10.06,99519037,8.997432
10.22,10.26,9.91,9.97,129303334,8.91694
10,10.9,10,10.64,371545628,9.516171
10.3,10.36,10,10.14,269790338,9.068983
10.12,10.12,9.85,10,142074208,8.943769
10.08,10.08,9.85,9.96,88489254,8.907993
10.12,10.28,10,10.04,101087257,8.979544
10.12,10.22,9.82,9.93,99793617,8.881164
9.98,10.14,9.85,9.86,100317502,8.818557
9.81,9.84,9.51,9.58,136005806,8.56813
9.6,9.66,9.37,9.58,122622561,8.56813
9.59,9.66,9.4,9.52,99924903,8.514469
9.42,9.47,9.36,9.4,78218337,8.407143
9.5,9.58,9.34,9.42,102863529,8.425032
9.33,9.43,9.26,9.37,84954833,8.380311
9.35,9.56,9.26,9.55,100888991,8.5413
9.61,9.61,9.39,9.49,65699744,8.487636
9.57,9.74,9.51,9.62,91386184,8.603908
9.62,9.65,9.47,9.57,60762820,8.559188
9.48,9.52,9.36,9.4,78185791,8.407143
9.43,9.6,9.43,9.53,94194026,8.523412
9.8,9.82,9.6,9.64,134178528,8.621794
9.59,9.7,9.51,9.6,83830960,8.586019
9.6,9.6,9.13,9.34,185012248,8.35348
9.22,9.3,9.15,9.19,141145312,8.219324
9.12,9.27,9.03,9.17,112817265,8.201437
9.12,9.16,9.05,9.15,80859396,8.270136
9.15,9.23,9.02,9.13,136339311,8.252061
9.1,9.2,8.85,9.06,132679497,8.188792
9,9.1,8.86,8.91,110873639,8.053216
8.85,9.09,8.85,9.02,86349396,8.152637
9.07,9.07,8.84,8.87,81351742,8.017062
8.84,8.97,8.76,8.82,91570446,7.971871
8.86,8.92,8.76,8.82,110710932,7.971871
8.85,9,8.83,8.93,77491903,8.071294
8.85,8.9,8.78,8.83,52926956,7.980909
8.75,8.79,8.58,8.61,100035443,7.782063
8.66,8.7,8.51,8.63,70055426,7.800141
8.6,8.68,8.5,8.56,79932084,7.736872
8.6,8.78,8.55,8.64,83627266,7.80918
8.68,8.8,8.65,8.73,61293861,7.890523
8.69,8.94,8.69,8.86,92493306,8.008024
9.05,9.2,9.05,9.1,158206787,8.224946
9.06,9.11,8.97,9.04,99979078,8.170717
8.88,8.95,8.71,8.75,143435549,7.908602
8.8,8.8,8.52,8.68,167600799,7.845333
8.6,8.79,8.52,8.65,130846814,7.92943
8.54,8.74,8.52,8.62,122041386,7.901929
8.67,8.73,8.6,8.67,93420255,7.947765
8.72,8.78,8.39,8.51,158386269,7.801094
8.42,8.5,8.32,8.4,153073085,7.700256
8.25,8.33,7.72,7.96,314399989,7.296909
8,8.25,7.82,8.02,209238391,7.351912
8.1,8.18,8.03,8.08,166465037,7.406913
8,8.19,7.93,8.12,93498120,7.443581
8,8.09,7.93,8.03,115626973,7.361078
8,8.1,7.96,8.01,102288149,7.342744
7.96,8.04,7.93,8.01,74271307,7.342744
8.05,8.07,8,8.01,62098102,7.342744
8.02,8.04,7.9,7.97,60998211,7.306077
7.91,8,7.86,7.98,61377960,7.315244
7.87,7.93,7.83,7.91,56133957,7.251074
7.86,7.96,7.86,7.92,55064466,7.260241
7.86,7.9,7.78,7.84,73724754,7.186906
7.75,7.77,7.4,7.47,163208814,6.847728
7.47,7.95,7.41,7.62,122702714,6.985232
7.68,7.88,7.67,7.83,87953710,7.177739
7.9,7.91,7.75,7.79,61826167,7.14107
7.8,7.84,7.61,7.69,71883000,7.049401
7.6,7.6,7.41,7.47,100844388,6.847728
7.4,7.45,7.34,7.36,90393007,6.746891
7.36,7.44,7.33,7.38,64978381,6.765225
7.38,7.39,7.29,7.31,43893000,6.701056
7.29,7.45,7.29,7.3,70097965,6.691889
7.22,7.3,7.13,7.27,77831856,6.664388
7.37,7.5,7.28,7.33,102496743,6.719391
7.23,7.31,7.15,7.29,93729377,6.682722
7.3,7.48,7.3,7.43,69940520,6.811059
7.41,7.46,7.23,7.28,65492770,6.673554
7.2,7.25,7.15,7.2,42374465,6.60022
7.27,7.36,7.15,7.16,54833504,6.563551
7.13,7.2,7.02,7.08,78583123,6.490216
7,7.05,6.7,6.8,126957017,6.233541
6.7,6.7,6.54,6.63,131562967,6.077702
6.36,6.5,6.2,6.35,165943906,5.821027
6.16,6.49,5.9,6.24,176119954,5.72019
6.24,6.6,6.14,6.29,120188675,5.766026
6.75,6.75,6.43,6.55,136481064,6.004367
6.8,6.83,6.46,6.49,108916699,5.949365
6.66,6.68,6.33,6.44,104288626,5.90353
6.58,6.58,6.15,6.19,100109947,5.674356
6.11,6.17,5.91,6.03,103440881,5.527684
5.94,6.01,5.73,5.81,122344236,5.32601
5.75,5.97,5.74,5.77,66738784,5.289342
5.77,5.96,5.74,5.9,104657709,5.408513
5.97,6.37,5.93,6.3,136430808,5.775193
6.01,6.02,5.83,5.98,145426758,5.548582
6.05,6.05,5.72,5.75,186182659,5.335175
5.76,5.81,5.61,5.7,101878961,5.288782
5.7,5.74,5.65,5.68,73982793,5.270225
5.78,5.87,5.62,5.83,117452675,5.409403
5.91,6.03,5.81,5.85,118077518,5.42796
5.85,5.91,5.77,5.86,104170541,5.43724
5.71,5.75,5.69,5.71,60605395,5.298061
5.72,5.89,5.71,5.79,87615268,5.372289
5.68,5.72,5.51,5.58,114095966,5.177439
5.56,5.63,5.51,5.54,51728234,5.140325
5.52,5.61,5.51,5.55,70824373,5.149604
5.32,5.32,5.1,5.19,137156794,4.815575
5.23,5.46,5.23,5.37,101412492,4.98259
5.45,5.59,5.41,5.54,96449755,5.140325
5.67,5.7,5.54,5.59,73972920,5.186718
5.69,5.87,5.66,5.75,129665601,5.335175
5.9,6.31,5.86,6.29,264204918,5.836217
6.2,6.23,6.05,6.14,153577689,5.697038
6.29,6.52,6.29,6.3,161280160,5.845496
6.3,6.42,6.3,6.39,97886928,5.929003
6.15,6.38,6.12,6.26,88642464,5.808381
6.15,6.34,6.15,6.3,76953690,5.845496
6.42,6.52,6.33,6.45,109089249,5.984674
6.5,6.6,6.46,6.5,115682020,6.031067
6.45,6.53,6.36,6.49,71827584,6.021788
6.48,6.48,6.26,6.39,79179100,5.929003
6.29,6.3,6.2,6.22,60122716,5.771267
6.35,6.4,6.3,6.32,73603519,5.864054
6.38,6.38,6.17,6.19,92404044,5.743432
6.1,6.17,6.06,6.16,117446966,5.715596
6.05,6.11,6.03,6.07,67057140,5.632089
6.2,6.36,6.18,6.19,99654387,5.743432
6.01,6.14,5.94,6.06,95571422,5.622811
6,6.05,5.95,5.99,55307995,5.55786
6.1,6.1,5.98,6,73440643,5.567139
6.15,6.38,6.15,6.24,122352779,5.789824
6.17,6.24,6.14,6.19,58588682,5.743432
6.11,6.13,6.02,6.05,61435854,5.613531
5.95,6.01,5.91,5.96,53668000,5.530025
5.85,5.89,5.81,5.84,78697832,5.418682
5.8,5.83,5.73,5.75,71399440,5.335175
5.79,5.97,5.72,5.93,77147724,5.502189
5.76,5.78,5.63,5.69,104859297,5.279503
5.51,5.58,5.47,5.48,124854652,5.084653
5.62,5.68,5.57,5.59,117138922,5.186718
5.59,5.59,5.39,5.41,134498228,5.019703
5.43,5.58,5.33,5.51,169244993,5.11249
5.5,5.69,5.47,5.63,87409568,5.223832
5.6,5.71,5.53,5.65,143737392,5.242389
5.64,5.73,5.62,5.71,73818708,5.298061
5.75,5.82,5.7,5.73,115195349,5.316617
5.72,5.84,5.71,5.75,81038559,5.335175
5.76,5.78,5.51,5.54,123780947,5.140325
5.49,5.64,5.44,5.51,168144082,5.11249
5.56,5.75,5.56,5.65,94785794,5.242389
5.66,5.71,5.62,5.7,70924226,5.288782
5.6,5.68,5.53,5.67,118224709,5.260946
5.54,5.66,5.52,5.54,130125783,5.140325
5.48,5.53,5.4,5.42,89255545,5.028982
5.3,5.32,5.22,5.3,112270030,4.91764
5.23,5.31,5.22,5.23,62385829,4.852689
5.22,5.27,5.15,5.17,62922287,4.797019
5.19,5.22,5.07,5.08,79734707,4.713511
5,5.06,4.93,5.02,61877291,4.657839
4.99,5.13,4.98,5.05,55621802,4.685676
5.19,5.4,5.17,5.3,96388003,4.91764
5.3,5.3,5.14,5.2,97199171,4.824853
5.07,5.12,5.06,5.09,99107488,4.72279
5.12,5.22,5.11,5.13,76377052,4.759904
5.15,5.16,5.04,5.09,76745208,4.72279
5.13,5.3,5.13,5.26,87742396,4.880525
5.45,5.49,5.36,5.38,55080442,4.991868
5.4,5.43,5.25,5.27,46235375,4.889803
5.23,5.27,5.18,5.19,66111390,4.815575
5.27,5.28,5.12,5.14,68773039,4.769182
5.14,5.16,5.07,5.08,43253195,4.713511
5.14,5.19,4.96,5.02,90690163,4.657839
4.98,5.08,4.92,4.94,89338403,4.583611
4.9,4.96,4.86,4.88,105238274,4.527939
4.79,4.84,4.55,4.56,191534517,4.231025
4.64,4.74,4.58,4.68,101248371,4.342369
4.5,4.52,4.43,4.45,117610210,4.128961
4.48,4.51,4.35,4.39,95630712,4.073289
4.48,4.58,4.4,4.45,93243553,4.128961
4.3,4.51,4.24,4.48,81892924,4.156797
4.46,4.51,4.36,4.38,81283111,4.064011
4.31,4.43,4.26,4.29,104558967,3.980505
4.39,4.52,4.3,4.5,86412872,4.175353
4.34,4.37,4.16,4.23,118223547,3.924833
4.29,4.38,4.17,4.18,95021165,3.87844
4.38,4.56,4.31,4.51,142392126,4.184633
4.62,4.77,4.59,4.64,134119083,4.305254
4.45,4.48,4.35,4.37,92097434,4.054732
4.55,4.6,4.44,4.51,79605664,4.184633
4.59,4.61,4.47,4.56,83453598,4.231025
4.55,4.8,4.55,4.75,149042916,4.407319
4.69,4.73,4.55,4.61,109586485,4.277419
4.54,4.6,4.5,4.57,58448935,4.240304
4.26,4.39,4.26,4.38,111669893,4.064011
4.61,4.69,4.55,4.61,99389792,4.277419
4.63,4.72,4.61,4.71,66217655,4.370204
4.38,4.48,4.35,4.47,67952675,4.147519
4.45,4.62,4.44,4.5,67795141,4.175353
4.61,4.69,4.59,4.67,92044719,4.33309
4.74,5.04,4.71,4.97,218884230,4.611446
4.86,4.94,4.76,4.82,125791144,4.472268
5.1,5.11,5.03,5.11,144886847,4.741346
4.97,5.12,4.97,5.09,94379760,4.72279
5.07,5.13,5.03,5.11,66075003,4.741346
5.2,5.22,5.09,5.18,77383796,4.806297
5.01,5.07,5.01,5.07,50607874,4.704232
5.09,5.1,4.91,4.94,72235161,4.583611
5.09,5.24,5.05,5.17,112010029,4.797019
5.12,5.14,4.96,4.99,78393278,4.630004
5.09,5.18,5.04,5.16,68985174,4.78774
5.31,5.4,5.29,5.34,128522033,4.954753
5.4,5.45,5.25,5.35,92459281,4.964032
5.43,5.44,5.33,5.38,79295067,4.991868
5.54,5.59,5.4,5.41,122703364,5.019703
5.47,5.48,5.29,5.36,85792497,4.973311
5.26,5.27,5.17,5.25,72903857,4.871247
5.3,5.38,5.27,5.29,90354453,4.908361
5.24,5.43,5.2,5.42,81018619,5.028982
5.5,5.5,5.34,5.39,74274438,5.001146
5.31,5.38,5.26,5.31,70561085,4.926918
5.33,5.36,5.17,5.19,85953100,4.815575
5.42,5.46,5.35,5.42,105314073,5.028982
5.41,5.48,5.36,5.4,88587042,5.010425
5.34,5.39,5.28,5.31,73678351,4.926918
5.35,5.39,5.29,5.32,53645266,4.936196
5.31,5.37,5.29,5.37,43469120,4.98259
5.2,5.22,5.08,5.14,120236169,4.769182
5.2,5.2,4.97,4.99,98906369,4.630004
5.1,5.18,5.06,5.14,82919634,4.769182
5.19,5.19,5.12,5.16,52706765,4.78774
5.16,5.16,5.04,5.07,52642465,4.704232
4.97,4.98,4.83,4.86,127776596,4.509383
4.81,4.95,4.81,4.85,87104905,4.500103
4.95,4.99,4.85,4.88,69851268,4.527939
4.8,4.89,4.76,4.88,97306001,4.527939
4.87,4.99,4.86,4.91,77493995,4.555775
4.96,5,4.93,4.97,71677127,4.611446
5.1,5.34,5.09,5.33,206954724,4.945475
5.34,5.35,5.22,5.34,81906173,4.954753
5.35,5.36,5.25,5.33,56651825,4.945475
5.11,5.26,5.1,5.23,120566594,4.852689
5.38,5.45,5.31,5.43,85957441,5.038261
5.46,5.46,5.24,5.35,84992435,4.964032
5.46,5.66,5.44,5.55,158418967,5.149604
5.48,5.67,5.45,5.6,141331253,5.195996
5.55,5.64,5.51,5.61,101693751,5.205275
5.61,5.66,5.46,5.62,83952436,5.214553
5.63,5.82,5.61,5.81,172595897,5.390846
5.87,6.03,5.81,5.92,223154680,5.49291
5.72,5.77,5.64,5.71,166494168,5.298061
5.71,5.71,5.61,5.63,94764661,5.223832
5.55,5.58,5.46,5.57,117783215,5.168161
5.46,5.58,5.45,5.54,105345000,5.140325
5.55,5.55,5.35,5.36,137963500,4.973311
5.42,5.48,5.3,5.35,108061165,4.964032
5.21,5.39,5.21,5.36,91215350,4.973311
5.41,5.46,5.3,5.32,65627833,4.936196
5.4,5.41,5.32,5.36,62334402,4.973311
5.27,5.32,5.21,5.29,83086162,4.908361
5.21,5.34,5.15,5.29,76218230,4.908361
5.39,5.47,5.35,5.42,89442471,5.028982
5.35,5.37,5.26,5.3,75755241,4.91764
5.26,5.28,5.18,5.21,55781345,4.834132
5.23,5.3,5.2,5.24,57619891,4.861968
5.2,5.26,5.18,5.2,55222503,4.824853
5.16,5.18,5.05,5.13,70047023,4.759904
5.29,5.41,5.24,5.33,97850772,4.945475
5.36,5.4,5.33,5.35,51923545,4.964032
5.35,5.39,5.25,5.35,64992986,4.964032
5.29,5.38,5.27,5.32,60377548,4.936196
5.22,5.42,5.22,5.34,124859400,4.982382
5.35,5.39,5.33,5.37,43375784,5.010372
5.33,5.46,5.3,5.42,56252430,5.057024
5.46,5.48,5.35,5.38,74034301,5.019703
5.44,5.48,5.34,5.45,44324453,5.085014
5.56,5.63,5.5,5.59,94266704,5.215639
5.64,5.76,5.59,5.72,108627223,5.336933
5.67,5.73,5.65,5.66,67280536,5.280951
5.52,5.54,5.35,5.41,126965145,5.047693
5.45,5.45,5.28,5.34,67174038,4.982382
5.21,5.38,5.21,5.3,80878610,4.94506
5.25,5.29,5.12,5.18,82104682,4.833097
5.28,5.28,5.14,5.19,70361621,4.842427
5.28,5.29,5.22,5.28,72582103,4.9264
5.28,5.38,5.28,5.31,47389550,4.954391
5.34,5.42,5.31,5.4,66537341,5.038363
5.43,5.43,5.36,5.42,38065368,5.057024
5.38,5.49,5,5.18,199009367,4.833097
5.09,5.14,5.05,5.1,110707949,4.758454
5.03,5.09,5.01,5.06,68804496,4.721133
5.13,5.18,5.1,5.18,47634944,4.833097
5.29,5.34,5.24,5.29,80688171,4.93573
5.36,5.39,5.3,5.35,64728684,4.991712
5.29,5.32,5.21,5.23,49242570,4.879749
5.14,5.18,5.05,5.14,79829403,4.795775
5.21,5.29,5.18,5.26,61651752,4.907739
5.24,5.25,5.17,5.23,61800137,4.879749
5.36,5.38,5.29,5.31,72633818,4.954391
5.38,5.4,5.33,5.39,85456276,5.029033
5.44,5.48,5.39,5.41,70153149,5.047693
5.36,5.49,5.36,5.48,71823590,5.113006
5.49,5.5,5.42,5.47,54440099,5.103675
5.46,5.5,5.42,5.5,48033200,5.131667
5.46,5.46,5.36,5.4,59125710,5.038363
5.38,5.44,5.35,5.4,51217951,5.038363
5.44,5.45,5.34,5.38,51127071,5.019703
5.33,5.39,5.31,5.37,44532339,5.010372
5.4,5.4,5.25,5.35,74897836,4.991712
5.28,5.34,5.24,5.28,105598442,4.9264
5.32,5.38,5.25,5.37,86772462,5.010372
5.33,5.36,5.25,5.36,69076881,5.001042
5.28,5.3,5.23,5.26,79714067,4.907739
5.31,5.39,5.28,5.31,75640680,4.954391
5.31,5.31,5.31,5.31,0,4.954391
5.2,5.23,5.16,5.21,78849178,4.861087
5.29,5.29,5.2,5.23,51015765,4.879749
5.28,5.3,5.24,5.27,59214516,4.917069
5.32,5.33,5.24,5.31,52826727,4.954391
5.31,5.35,5.3,5.33,45715259,4.973051
5.35,5.36,5.27,5.31,60556817,4.954391
5.3,5.33,5.25,5.27,70778123,4.917069
5.34,5.4,5.3,5.34,89287592,4.982382
5.34,5.39,5.3,5.34,114376952,4.982382
5.36,5.48,5.36,5.39,111652388,5.029033
5.42,5.45,5.36,5.38,100085781,5.019703
5.39,5.44,5.31,5.34,98651375,4.982382
5.4,5.43,5.31,5.32,76337946,4.963721
5.31,5.35,5.24,5.31,78730809,4.954391
5.23,5.29,5.21,5.28,57221275,4.9264
5.3,5.3,5.22,5.27,53813307,4.917069
5.22,5.24,5.16,5.22,67910016,4.870417
5.25,5.32,5.25,5.26,73785327,4.907739
5.26,5.29,5.19,5.22,59604961,4.870417
5.26,5.27,5.21,5.24,43820075,4.889078
5.24,5.25,5.17,5.18,76666572,4.833097
5.18,5.18,5.11,5.14,84556421,4.795775
5.11,5.21,5.11,5.18,55584227,4.833097
5.28,5.3,5.21,5.24,72488767,4.889078
5.25,5.32,5.24,5.24,97337532,4.889078
5.22,5.25,5.19,5.23,80007650,4.879749
5.23,5.26,5.21,5.23,67512780,4.879749
5.25,5.3,5.22,5.22,205544184,4.870417
5.12,5.15,5.1,5.11,125783158,4.767785
5.12,5.16,5.03,5.04,90627195,4.725517
5.01,5.06,4.95,4.99,116691423,4.678638
4.97,5.01,4.93,4.96,81163893,4.650509
5.01,5.05,4.97,4.99,93780938,4.678638
4.99,5.01,4.95,4.96,61732080,4.650509
4.97,5.07,4.97,5,79557354,4.688014
5.09,5.15,5.02,5.03,149907382,4.716141
5.06,5.11,5.04,5.06,72543185,4.744269
5.03,5.05,4.95,4.98,71381614,4.669261
4.95,5.03,4.95,5,67570582,4.688014
4.97,5,4.92,4.98,59383365,4.669261
5.14,5.22,5.12,5.13,188618191,4.809902
5.08,5.14,5.06,5.09,100088460,4.772398
5.13,5.18,5.11,5.12,67435619,4.800526
5.16,5.21,5.14,5.19,82348954,4.866158
5.16,5.4,5.15,5.35,272678631,5.016174
5.41,5.59,5.4,5.57,307701499,5.222448
5.6,5.61,5.5,5.52,120062941,5.175567
5.65,5.71,5.47,5.55,196447774,5.203695
5.52,5.52,5.41,5.47,128133574,5.128686
5.41,5.43,5.29,5.32,132729174,4.988046
5.36,5.42,5.28,5.36,95849192,5.025551
5.37,5.37,5.28,5.31,77626617,4.978671
5.33,5.43,5.32,5.39,95340072,5.053679
5.41,5.43,5.36,5.38,41376453,5.044302
5.46,5.59,5.46,5.54,148478368,5.194319
5.54,5.54,5.54,5.54,0,5.194319
5.62,5.72,5.55,5.69,193200317,5.33496
5.68,5.7,5.63,5.64,95015011,5.288078
5.57,5.61,5.52,5.52,81750617,5.175567
5.52,5.52,5.37,5.41,129071337,5.07243
5.43,5.44,5.34,5.38,60907810,5.044302
5.32,5.37,5.28,5.34,64767152,5.006799
5.34,5.45,5.31,5.4,97030231,5.063055
5.29,5.34,5.27,5.28,76010880,4.950542
5.25,5.35,5.25,5.26,68142390,4.93179
5.23,5.34,5.23,5.3,75848101,4.969294
5.34,5.42,5.29,5.39,63421055,5.053679
5.45,5.45,5.33,5.4,49582508,5.063055
5.44,5.44,5.04,5.2,226565947,4.875534
5.3,5.35,5.26,5.27,75363389,4.941166
5.22,5.23,5.12,5.19,121769292,4.866158
5.12,5.16,5.07,5.13,97834341,4.809902
5.16,5.18,5.1,5.16,64841246,4.83803
5.24,5.28,5.21,5.21,106786018,4.88491
5.17,5.23,5.15,5.18,65504285,4.856782
5.14,5.19,5.1,5.18,49057188,4.856782
5.17,5.23,5.13,5.2,67542764,4.875534
5.29,5.45,5.29,5.4,170244165,5.063055
5.38,5.43,5.36,5.39,84391118,5.053679
5.33,5.37,5.28,5.35,56641867,5.016174
5.35,5.39,5.32,5.36,57914344,5.025551
5.32,5.38,5.29,5.35,66871838,5.016174
5.34,5.37,5.31,5.34,98282207,5.006799
5.34,5.35,5.27,5.27,95793861,4.941166
5.59,5.59,5.52,5.52,244940573,5.175567
5.54,5.64,5.49,5.49,219334782,5.147439
5.54,5.55,5.4,5.47,86822623,5.128686
5.53,5.56,5.48,5.52,61420592,5.175567
5.54,5.54,5.48,5.51,53693657,5.166191
5.55,5.58,5.45,5.51,98912031,5.166191
5.53,5.53,5.38,5.44,129056853,5.100559
5.56,5.59,5.45,5.47,204441445,5.128686
5.5,5.76,5.49,5.76,293252437,5.400592
5.94,6.03,5.87,6.02,363523964,5.644368
5.95,5.95,5.81,5.91,190607544,5.541232
5.86,5.96,5.83,5.88,105877299,5.513103
5.92,5.98,5.84,5.92,104859834,5.550608
5.94,5.96,5.85,5.86,61183204,5.494352
5.89,5.99,5.84,5.95,97788291,5.578736
5.9,5.96,5.8,5.82,82275780,5.456848
5.82,5.83,5.74,5.81,83664019,5.447472
5.77,5.95,5.75,5.84,101711755,5.4756
5.79,5.84,5.75,5.78,81249115,5.419344
5.8,5.84,5.76,5.78,60770934,5.419344
5.75,5.8,5.72,5.8,57195219,5.438096
5.82,5.82,5.67,5.73,113050154,5.372464
5.83,6.01,5.81,5.97,186466227,5.597488
6.03,6.14,6.02,6.04,178891778,5.66312
6.03,6.27,6.03,6.18,177872033,5.794385
6.11,6.18,6.04,6.18,136437776,5.794385
6.16,6.18,6.13,6.17,153471061,5.785009
6.2,6.22,6.11,6.12,107076722,5.738129
6.17,6.31,6.17,6.28,103290400,5.888145
6.24,6.26,6.1,6.17,83335367,5.785009
6.18,6.28,6.17,6.24,73870316,5.85064
6.24,6.38,6.24,6.32,103494375,5.925649
6.29,6.29,6.18,6.24,87863303,5.85064
6.25,6.25,6.09,6.13,117002172,5.747505
6.13,6.24,6.08,6.08,89049649,5.700624
6.12,6.21,6.1,6.18,102177840,5.794385
6.17,6.27,6.16,6.25,73283276,5.860017
6.27,6.34,6.23,6.3,95368596,5.906897
6.32,6.32,6.22,6.22,50157783,5.831889
6.15,6.2,6.05,6.13,120574430,5.747505
6.15,6.16,6.06,6.09,69406750,5.71
6.09,6.1,5.95,6.04,127371521,5.66312
6.06,6.09,5.99,6.07,88385208,5.691248
6.02,6.05,5.97,6.05,90055182,5.672496
6.01,6.04,5.93,6.04,120091839,5.66312
6.01,6.07,6,6,120412629,5.625616
6.02,6.21,6.02,6.12,165491964,5.738129
6.2,6.21,6.15,6.17,102762015,5.785009
6.16,6.17,6.08,6.14,100651492,5.75688
6.16,6.17,6.1,6.1,115409400,5.719377
6.06,6.1,6.02,6.03,144767051,5.653744
6.07,6.07,6,6.04,84921573,5.66312
6.04,6.16,6.04,6.11,97872790,5.728753
6.11,6.18,6.11,6.14,114457714,5.75688
6.19,6.21,6.12,6.21,123772424,5.822513
6.15,6.19,6.11,6.11,102625171,5.728753
6.13,6.16,6.1,6.11,97149663,5.728753
6.1,6.1,6.01,6.02,129001824,5.644368
6.02,6.04,5.89,5.91,149484000,5.541232
5.93,5.93,5.82,5.83,144007551,5.466224
5.9,5.93,5.85,5.86,139305963,5.494352
5.86,5.86,5.8,5.85,107342765,5.484976
5.86,5.91,5.82,5.88,80989438,5.513103
5.87,5.94,5.86,5.92,59439064,5.550608
5.9,5.91,5.86,5.89,70358526,5.52248
5.76,5.78,5.72,5.76,139096363,5.400592
5.72,5.74,5.61,5.68,136037157,5.325584
5.66,5.73,5.66,5.7,82073903,5.344336
5.66,5.7,5.62,5.69,77158115,5.33496
5.65,5.67,5.61,5.66,63489607,5.306831
5.78,5.85,5.77,5.84,163494605,5.4756
5.81,5.86,5.79,5.86,124718767,5.494352
5.8,5.88,5.8,5.87,92602721,5.503728
5.87,5.92,5.82,5.9,72713412,5.531856
5.8,5.82,5.76,5.79,95235396,5.42872
5.82,5.87,5.76,5.79,72747130,5.42872
5.83,5.83,5.73,5.78,95667526,5.419344
5.75,5.81,5.71,5.75,86063000,5.391215
5.75,5.82,5.74,5.77,79066383,5.409967
5.82,5.84,5.74,5.75,114935913,5.391215
5.79,5.8,5.73,5.76,73153046,5.400592
5.78,5.8,5.65,5.69,117192219,5.33496
5.68,5.72,5.63,5.68,61827785,5.325584
5.69,5.72,5.65,5.7,105700028,5.344336
5.66,5.69,5.61,5.65,92369637,5.297455
5.64,5.82,5.6,5.78,243227984,5.419344
5.8,5.82,5.74,5.77,59320253,5.409967
5.76,5.77,5.65,5.68,115795329,5.325584
5.65,5.69,5.62,5.68,89894603,5.325584
5.68,5.73,5.65,5.69,73816637,5.33496
5.65,5.68,5.61,5.63,67418119,5.278703
5.6,5.62,5.5,5.56,95646523,5.213071
5.53,5.56,5.48,5.56,115111824,5.213071
5.58,5.6,5.51,5.52,73648475,5.175567
5.51,5.54,5.44,5.51,99173567,5.166191
5.56,5.56,5.5,5.53,103178344,5.184943
5.5,5.56,5.5,5.52,76617272,5.175567
5.49,5.51,5.46,5.49,91019782,5.147439
5.48,5.51,5.47,5.48,39540164,5.138062
5.46,5.5,5.41,5.45,73581973,5.109934
5.4,5.43,5.31,5.37,130634996,5.034926
5.28,5.29,5.19,5.24,150807498,4.913038
5.31,5.32,5.24,5.25,97230289,4.922414
5.25,5.35,5.23,5.32,81980670,4.988046
5.33,5.35,5.26,5.29,148436563,4.959918
5.33,5.38,5.3,5.31,110583364,4.978671
5.29,5.34,5.26,5.31,65219644,4.978671
5.31,5.37,5.3,5.32,151306497,4.988046
5.36,5.37,5.34,5.34,95099597,5.006799
5.35,5.37,5.31,5.35,75642063,5.016174
5.34,5.34,5.28,5.31,84379452,4.978671
5.3,5.3,5.22,5.26,119350568,4.93179
5.3,5.37,5.3,5.32,111422537,4.988046
5.36,5.37,5.3,5.33,115622864,4.997422
5.33,5.35,5.31,5.32,71613142,4.988046
5.37,5.38,5.31,5.34,84214370,5.006799
5.3,5.31,5.24,5.29,119003351,4.959918
5.26,5.28,5.23,5.26,75760024,4.93179
5.23,5.27,5.16,5.19,195375912,4.866158
5.22,5.22,5.14,5.17,119140383,4.847407
5.21,5.21,5.15,5.17,68840209,4.847407
5.15,5.19,5.13,5.16,69686115,4.83803
5.14,5.16,5.12,5.13,63937629,4.809902
5.13,5.16,5.1,5.12,78380994,4.800526
5.1,5.11,5.08,5.1,77874865,4.781774
5.11,5.11,5.05,5.08,167312781,4.763021
5.07,5.09,5.02,5.03,88848012,4.716141
5.05,5.08,5.03,5.05,73643434,4.734894
5.02,5.03,5,5.02,116160123,4.726091
4.98,4.98,4.93,4.96,96984305,4.669604
4.93,4.97,4.93,4.97,75507750,4.679018
4.94,4.99,4.94,4.97,51302992,4.679018
4.95,4.97,4.89,4.92,94262305,4.631946
4.88,4.88,4.83,4.86,105251818,4.575459
4.82,4.87,4.79,4.84,89958406,4.55663
4.84,4.86,4.81,4.85,73215592,4.566044
4.85,4.88,4.83,4.87,66809526,4.584873
4.87,4.87,4.83,4.83,63828836,4.547215
4.86,4.86,4.81,4.84,68064893,4.55663
4.88,4.89,4.79,4.83,99256827,4.547215
4.79,4.81,4.76,4.78,128185666,4.500143
4.81,4.83,4.76,4.77,109993159,4.490728
4.81,5.03,4.8,4.9,322276673,4.613117
4.98,4.99,4.92,4.94,128463356,4.650775
4.88,4.89,4.86,4.88,100865221,4.594288
4.83,4.85,4.82,4.84,65496343,4.55663
4.82,4.82,4.72,4.77,168862636,4.490728
4.75,4.79,4.74,4.78,100816024,4.500143
4.83,4.86,4.77,4.79,80215634,4.509557
4.84,4.9,4.81,4.83,102912298,4.547215
4.85,4.91,4.83,4.88,81594251,4.594288
4.92,4.93,4.87,4.88,74190782,4.594288
4.86,4.93,4.86,4.91,63856846,4.62253
4.92,4.97,4.91,4.95,67710438,4.660189
4.97,5.03,4.93,4.94,113126999,4.650775
4.95,4.95,4.89,4.91,107788135,4.62253
4.91,4.92,4.87,4.9,87268818,4.613117
4.9,4.94,4.87,4.9,77845747,4.613117
5.01,5.08,4.98,5.05,251284181,4.754334
5.1,5.16,5.07,5.07,215562489,4.773163
5.03,5.05,4.98,5.03,101814771,4.735506
5.06,5.09,5.03,5.03,82383611,4.735506
5.17,5.18,5.08,5.08,177060138,4.782578
5.09,5.1,5.01,5.02,114172162,4.726091
5.03,5.04,5,5.01,54037771,4.716677
5,5.04,5,5.02,66808994,4.726091
5.04,5.07,5.02,5.02,84652251,4.726091
5,5.04,4.99,5.04,86299786,4.74492
5.01,5.01,4.98,5,78201364,4.707262
5,5.03,4.95,4.99,85499121,4.697847
4.94,4.99,4.9,4.93,132931275,4.64136
4.92,4.98,4.91,4.95,50328303,4.660189
4.91,4.92,4.85,4.86,162134320,4.575459
4.88,4.89,4.84,4.87,45232683,4.584873
4.85,4.87,4.81,4.82,106760515,4.537801
4.81,4.83,4.79,4.79,103831298,4.509557
4.82,4.92,4.81,4.86,121587415,4.575459
4.88,4.89,4.84,4.86,80090951,4.575459
4.86,4.86,4.86,4.86,0,4.575459
4.95,4.95,4.82,4.82,106019265,4.537801
5,5.04,4.97,5,271249634,4.707262
5.04,5.05,4.95,5,146248192,4.707262
4.96,4.99,4.95,4.98,78592715,4.688433
5,5.04,4.97,5.02,119514000,4.726091
5.03,5.04,4.98,5,95456116,4.707262
5.02,5.09,5.02,5.06,118015046,4.763749
5.06,5.11,5.02,5.05,80602888,4.754334
5.04,5.06,5.01,5.03,58598952,4.735506
5.04,5.05,4.99,5.02,86131281,4.726091
5.01,5.06,4.98,4.98,97347260,4.722819
4.99,5.05,4.99,5.01,60369107,4.75127
5.04,5.04,4.99,5,54514758,4.741786
5.02,5.03,4.99,5.02,78817839,4.760754
5.02,5.03,4.94,4.99,70747637,4.732303
4.99,5.01,4.92,4.97,71062975,4.713336
4.97,4.98,4.9,4.95,133055185,4.694368
4.96,5.01,4.94,4.96,86004948,4.703852
4.92,4.96,4.9,4.93,62366965,4.675401
4.96,4.96,4.88,4.91,98371253,4.656434
4.91,4.94,4.89,4.91,80921337,4.656434
4.91,4.93,4.86,4.88,76636030,4.627984
4.86,4.87,4.8,4.83,118964224,4.580565
4.89,5.03,4.88,5,277495651,4.741786
5,5.03,4.95,5.01,108169506,4.75127
4.98,4.99,4.9,4.91,166519421,4.656434
4.91,4.98,4.91,4.95,110635890,4.694368
5,5.06,4.92,4.99,151122382,4.732303
5.03,5.04,4.98,5.02,71895775,4.760754
5.08,5.09,5.02,5.04,93725466,4.77972
4.99,5.01,4.96,5,61758646,4.741786
4.98,5,4.96,5,49030277,4.741786
5.02,5.07,5.02,5.03,95439159,4.770237
5.03,5.05,4.99,4.99,44851915,4.732303
4.99,5.01,4.97,4.99,70715769,4.732303
5.02,5.05,5.01,5.04,72466048,4.77972
5.07,5.08,5.05,5.05,86836316,4.789205
5.04,5.06,5.02,5.05,66808253,4.789205
5.05,5.06,4.97,4.99,128817260,4.732303
5,5.02,4.94,5.01,71883508,4.75127
5.01,5.02,4.91,4.97,88322452,4.713336
4.92,4.97,4.92,4.93,62639738,4.675401
4.96,4.98,4.93,4.97,73665450,4.713336
4.93,4.97,4.92,4.95,73317362,4.694368
4.95,5,4.94,4.98,60466223,4.722819
5.03,5.15,5.02,5.09,246722032,4.827138
5.15,5.15,5.08,5.09,115736204,4.827138
5.1,5.14,5.1,5.11,116375608,4.846106
5.12,5.35,5.11,5.3,401105324,5.026294
5.36,5.43,5.28,5.28,190475841,5.007327
5.35,5.45,5.28,5.44,317603262,5.159064
5.51,5.62,5.5,5.58,425450850,5.291833
5.58,5.63,5.49,5.51,229366347,5.225449
5.54,5.6,5.51,5.56,139631514,5.272867
5.56,5.63,5.53,5.57,142354703,5.282351
5.53,5.57,5.45,5.49,161132751,5.206481
5.43,5.51,5.38,5.42,139419754,5.140097
5.31,5.33,5.2,5.25,254335285,4.978876
5.18,5.27,5.18,5.24,115020295,4.969392
5.26,5.29,5.18,5.2,119726935,4.931458
5.23,5.26,5.13,5.16,136393540,4.893524
5.15,5.21,5.1,5.19,152067812,4.921974
5.25,5.31,5.25,5.29,162071448,5.01681
5.35,5.42,5.28,5.3,157535657,5.026294
5.35,5.38,5.31,5.34,115714693,5.064228
5.34,5.38,5.3,5.35,106813997,5.073711
5.35,5.35,5.22,5.28,139699020,5.007327
5.29,5.32,5.23,5.24,80112621,4.969392
5.21,5.26,5.19,5.25,171800533,4.978876
5.28,5.32,5.23,5.24,75212281,4.969392
5.25,5.38,5.25,5.32,110802024,5.04526
5.29,5.34,5.26,5.31,67042934,5.035777
5.36,5.36,5.2,5.22,117800558,4.950425
5.21,5.23,5.11,5.15,139042505,4.88404
5.11,5.16,5.08,5.13,71422827,4.865073
5.15,5.21,5.12,5.15,108203263,4.88404
5.21,5.23,5.15,5.21,121267573,4.940941
5.24,5.42,5.22,5.41,270938680,5.130612
5.43,5.45,5.36,5.41,143509577,5.130612
5.36,5.4,5.29,5.36,127454866,5.083195
5.32,5.38,5.29,5.35,49735706,5.073711
5.39,5.45,5.36,5.42,108192762,5.140097
5.38,5.42,5.37,5.41,63148576,5.130612
5.32,5.47,5.32,5.44,72743026,5.159064
5.47,5.49,5.44,5.49,82421047,5.206481
5.52,5.6,5.52,5.52,165327725,5.234932
5.54,5.55,5.46,5.48,120988365,5.196998
5.49,5.52,5.44,5.45,61529460,5.168547
5.46,5.58,5.46,5.58,169165519,5.291833
5.58,5.59,5.49,5.5,162299145,5.215965
5.59,5.8,5.57,5.78,335204685,5.481505
5.83,5.87,5.76,5.8,211226017,5.500473
5.8,5.82,5.65,5.76,166058005,5.462538
5.76,5.8,5.74,5.78,83752729,5.481505
5.85,5.95,5.8,5.82,229266922,5.519439
5.87,5.93,5.83,5.88,110045629,5.576341
5.99,5.99,5.91,5.93,190708269,5.623758
5.99,6,5.88,5.91,157651005,5.604791
5.97,5.98,5.87,5.9,133964159,5.595308
5.84,5.87,5.73,5.82,167783593,5.519439
5.86,5.88,5.76,5.83,130127526,5.528923
5.86,5.86,5.72,5.8,154321122,5.500473
5.82,5.91,5.77,5.87,160414598,5.566856
5.88,5.92,5.84,5.9,131553090,5.595308
5.95,6.34,5.93,6.21,532385323,5.889298
6.3,6.53,6.3,6.35,384463731,6.022069
6.35,6.4,6.22,6.38,210386740,6.05052
6.46,6.66,6.44,6.48,292896129,6.145356
6.38,6.42,6.22,6.25,238057976,5.927233
6.03,6.21,6.02,6.2,275017105,5.879815
6.16,6.21,6.07,6.1,173641935,5.784979
6.14,6.39,6.11,6.33,257531075,6.003101
6.07,6.2,6.06,6.17,160418024,5.851364
5.9,5.92,5.72,5.81,386671180,5.509955
5.92,5.97,5.62,5.66,312321414,5.367702
5.59,5.64,5.51,5.57,178068706,5.282351
5.4,5.44,5.3,5.38,279536081,5.102162
5.37,5.42,5.22,5.29,145602107,5.01681
5.4,5.4,5.29,5.31,126961811,5.035777
5.3,5.38,5.26,5.34,114993069,5.064228
5.49,5.52,5.45,5.45,145481067,5.168547
5.45,5.53,5.38,5.42,118340136,5.140097
5.46,5.59,5.44,5.57,134229334,5.282351
5.5,5.55,5.46,5.48,169520133,5.196998
5.58,5.63,5.52,5.57,104795260,5.282351
5.64,5.71,5.6,5.62,138584619,5.329768
5.68,5.72,5.56,5.62,131279790,5.329768
5.56,5.63,5.48,5.53,140594659,5.244416
5.42,5.49,5.37,5.46,125641530,5.17803
5.35,5.39,5.3,5.35,191449517,5.073711
5.35,5.42,5.21,5.24,140991455,4.969392
5.38,5.44,5.36,5.38,155362157,5.102162
5.33,5.37,5.25,5.27,125596099,4.997843
5.29,5.4,5.29,5.36,90428907,5.083195
5.42,5.42,5.33,5.35,77979805,5.073711
5.47,5.48,5.42,5.43,94664571,5.14958
5.43,5.45,5.37,5.41,60170394,5.130612
5.38,5.41,5.32,5.39,62500304,5.111646
5.33,5.38,5.3,5.37,87851036,5.092679
5.3,5.34,5.28,5.32,93736176,5.04526
5.32,5.41,5.3,5.34,51558382,5.064228
5.29,5.38,5.29,5.34,91153995,5.064228
5.43,5.58,5.42,5.47,194198332,5.187514
5.58,5.65,5.5,5.53,166900399,5.244416
5.34,5.44,5.3,5.37,229741384,5.092679
5.44,5.47,5.31,5.45,183653529,5.168547
5.49,5.6,5.43,5.5,139601676,5.215965
5.43,5.53,5.38,5.49,145903568,5.206481
5.46,5.49,5.37,5.39,132312210,5.111646
5.3,5.4,5.29,5.37,105551306,5.092679
5.48,5.48,5.31,5.31,102203266,5.035777
5.31,5.41,5.31,5.37,112022976,5.092679
5.37,5.46,5.32,5.37,90078159,5.092679
5.37,5.4,5.32,5.33,187596162,5.054744
5.46,5.58,5.45,5.53,338377636,5.244416
5.63,5.78,5.62,5.69,296819111,5.396152
5.72,5.75,5.65,5.7,136320941,5.405636
5.7,5.71,5.53,5.59,109051570,5.301317
5.54,5.57,5.49,5.52,145999170,5.234932
5.63,5.65,5.52,5.62,133147684,5.329768
5.79,5.96,5.77,5.94,324864645,5.633242
5.89,5.93,5.85,5.87,184853657,5.566856
5.84,5.92,5.77,5.82,104548999,5.519439
5.86,5.92,5.79,5.86,163371362,5.557374
5.88,5.88,5.72,5.76,195471548,5.462538
5.76,5.79,5.57,5.62,146901432,5.329768
5.74,5.8,5.66,5.74,138802634,5.443571
5.8,5.83,5.7,5.79,146467677,5.490989
5.8,5.8,5.62,5.7,127245775,5.405636
5.62,5.65,5.55,5.6,115845291,5.310801
5.59,5.62,5.52,5.56,87754895,5.272867
5.66,5.74,5.58,5.71,142360169,5.41512
5.75,5.79,5.68,5.7,132665854,5.405636
5.71,5.99,5.71,5.95,286700935,5.642725
6.04,6.17,6,6.05,263951244,5.737561
6.15,6.15,6.01,6.03,144190026,5.718595
6.14,6.14,6.04,6.12,113040421,5.803946
6.18,6.19,6.12,6.15,100416842,5.832397
6.08,6.14,6.03,6.14,79943451,5.822913
6.2,6.2,6.12,6.12,144470607,5.803946
6.24,6.55,6.2,6.51,382219968,6.173806
6.53,6.55,6.43,6.44,136374454,6.107421
6.44,6.44,6.14,6.15,204040872,5.832397
6.14,6.3,6.12,6.24,133822774,5.917749
6.17,6.2,6,6.05,209607555,5.737561
6.26,6.45,6.08,6.44,466200439,6.107421
6.39,6.5,6.35,6.39,231618824,6.060003
6.29,6.36,6.25,6.28,154679773,5.955683
6.53,6.53,6.42,6.49,222628989,6.154839
6.52,6.52,6.39,6.48,190958593,6.145356
6.5,6.53,6.4,6.47,108063569,6.135871
6.47,6.47,6.33,6.37,114192995,6.041036
6.4,6.58,6.34,6.56,157555994,6.221223
6.57,6.66,6.54,6.59,154715155,6.249675
6.65,6.74,6.53,6.55,192015535,6.211741
6.6,6.6,6.46,6.55,92714024,6.211741
6.45,6.68,6.45,6.53,135889553,6.192774
6.39,6.43,6.23,6.27,112920706,5.974057
6.27,6.29,6.05,6.12,149081101,5.831137
6.09,6.21,6.04,6.04,137917742,5.754912
5.94,5.97,5.73,5.83,235388768,5.554824
5.78,5.94,5.76,5.85,140653229,5.573881
5.81,5.92,5.74,5.77,102480364,5.497656
5.68,5.77,5.62,5.71,167576354,5.440489
5.82,5.88,5.68,5.73,154395613,5.459544
5.68,5.77,5.62,5.7,108969356,5.430961
5.82,5.85,5.69,5.72,128674266,5.450016
5.85,5.95,5.82,5.86,170064632,5.583409
5.89,5.98,5.8,5.97,165212527,5.688217
5.82,5.91,5.68,5.88,151357513,5.602465
5.91,5.92,5.69,5.78,108233377,5.507185
5.66,5.74,5.55,5.69,118082583,5.421432
5.67,5.75,5.59,5.66,95263373,5.392848
5.77,5.78,5.66,5.73,85230067,5.459544
5.8,5.88,5.77,5.86,129360357,5.583409
5.84,5.84,5.73,5.77,96378450,5.497656
5.71,5.77,5.65,5.75,97588091,5.478601
5.78,5.8,5.72,5.75,79331741,5.478601
5.75,5.79,5.63,5.72,73787000,5.450016
5.62,5.66,5.51,5.56,150676576,5.297569
5.52,5.57,5.47,5.51,70572342,5.249929
5.58,5.61,5.5,5.52,67568242,5.259457
5.59,5.7,5.52,5.64,134780475,5.373792
5.61,5.67,5.58,5.59,80683604,5.326152
5.45,5.66,5.45,5.62,92187121,5.354736
5.75,5.82,5.7,5.76,111636036,5.488129
5.85,5.89,5.78,5.82,93764523,5.545297
5.83,5.9,5.76,5.89,75954096,5.611992
5.87,5.94,5.85,5.92,65135297,5.640576
5.95,5.99,5.92,5.99,133857532,5.707273
5.98,6.02,5.82,5.87,110070215,5.592936
5.78,5.82,5.65,5.69,134653005,5.421432
5.73,5.77,5.66,5.68,59448021,5.411904
5.66,5.78,5.65,5.7,80906293,5.430961
5.65,5.97,5.65,5.88,158745721,5.602465
6,6.09,5.94,6.07,204344138,5.783497
6,6.09,5.85,6.02,86315455,5.735857
6,6.04,5.9,5.93,75918146,5.650105
5.85,5.9,5.78,5.81,108576814,5.535769
5.85,5.89,5.78,5.87,75385896,5.592936
5.84,5.86,5.72,5.8,74547476,5.526241
5.65,5.8,5.65,5.74,90340865,5.469072
5.74,5.8,5.66,5.71,72923036,5.440489
5.74,5.82,5.71,5.76,67367297,5.488129
5.75,5.82,5.71,5.79,95783649,5.516713
5.72,5.87,5.72,5.86,91172948,5.583409
5.88,5.91,5.77,5.8,84941565,5.526241
5.78,5.91,5.76,5.8,88689327,5.526241
5.9,6.04,5.8,6.01,144720829,5.726328
6.08,6.09,5.96,5.99,61067732,5.707273
5.98,6.08,5.97,6.07,98296522,5.783497
6.1,6.15,6.04,6.07,131075038,5.783497
5.93,5.94,5.8,5.84,178251955,5.564353
5.8,5.85,5.66,5.72,125479062,5.450016
5.71,5.81,5.68,5.79,67727714,5.516713
5.79,5.8,5.62,5.66,107038226,5.392848
5.68,5.79,5.64,5.75,179001999,5.478601
5.77,5.81,5.72,5.8,157453725,5.526241
5.81,5.87,5.77,5.83,145057895,5.554824
5.8,5.82,5.71,5.74,89530994,5.469072
5.83,5.84,5.7,5.76,92666937,5.488129
5.85,6.01,5.81,5.94,220929160,5.735763
5.91,6.05,5.82,5.97,127007357,5.764731
5.88,6.01,5.88,6,125377557,5.7937
6,6.08,5.93,6.05,134790557,5.841981
6.06,6.25,6.06,6.17,183124903,5.957855
6.28,6.28,6.1,6.16,108454981,5.948198
6.23,6.23,6.08,6.1,137976533,5.890262
6.02,6.03,5.94,5.98,117041042,5.774388
6.1,6.32,6.1,6.27,228084773,6.054417
6.25,6.31,6.18,6.23,80400958,6.015792
6.25,6.39,6.24,6.34,134790192,6.12201
6.52,6.52,6.28,6.33,181124060,6.112354
6.41,6.49,6.26,6.46,168281685,6.237884
6.46,6.49,6.22,6.29,157515683,6.073729
6.15,6.26,6.15,6.23,132035294,6.015792
6.22,6.27,6.08,6.12,167077732,5.909574
6.12,6.3,6.12,6.22,159582157,6.006135
6.2,6.32,6.2,6.23,154797487,6.015792
5.97,6.04,5.83,5.99,226453435,5.784044
6,6,5.81,5.96,145042475,5.755075
5.96,6.07,5.9,6,118371880,5.7937
6.05,6.19,6.02,6.05,70866777,5.841981
6.13,6.13,5.9,5.96,169144999,5.755075
5.93,5.97,5.83,5.92,99904034,5.716451
5.88,6.11,5.88,6.03,103860632,5.822669
5.97,6.01,5.84,5.92,98649122,5.716451
5.81,5.89,5.64,5.81,143942420,5.610233
5.59,5.65,5.55,5.65,180259361,5.455734
5.68,5.71,5.55,5.56,97963995,5.368829
5.68,5.69,5.55,5.58,169937633,5.388141
5.62,5.64,5.52,5.55,126978047,5.359173
5.77,5.78,5.65,5.74,196521944,5.542639
5.79,5.86,5.76,5.79,94257023,5.59092
5.75,5.85,5.66,5.82,223381374,5.619889
5.73,5.86,5.72,5.8,56840498,5.600577
5.84,5.96,5.82,5.93,91634520,5.726107
5.92,6.04,5.85,5.97,105144213,5.764731
5.98,6.13,5.97,6.05,124312468,5.841981
5.92,5.99,5.85,5.91,70972947,5.706794
5.89,5.97,5.87,5.96,69871997,5.755075
5.79,5.89,5.74,5.88,140385980,5.677826
5.71,5.73,5.63,5.67,163700169,5.475047
5.7,5.73,5.64,5.7,88028927,5.504015
5.65,5.7,5.62,5.68,105392330,5.484703
5.7,5.73,5.62,5.67,95855631,5.475047
5.59,5.63,5.52,5.54,129580162,5.349516
5.36,5.48,5.36,5.43,137843786,5.243299
5.48,5.49,5.38,5.42,81639000,5.233643
5.41,5.42,5.35,5.38,70187050,5.195018
5.33,5.33,5.21,5.3,197514665,5.117769
5.3,5.36,5.26,5.33,87825260,5.146737
5.32,5.43,5.3,5.4,73677564,5.21433
5.41,5.48,5.4,5.43,88727732,5.243299
5.47,5.54,5.42,5.49,121323310,5.301235
5.76,5.76,5.65,5.7,129474112,5.504015
5.65,5.69,5.6,5.67,84154976,5.475047
5.53,5.6,5.51,5.55,78936086,5.359173
5.42,5.53,5.38,5.43,114894096,5.243299
5.4,5.42,5.31,5.31,162365118,5.127425
5.41,5.41,5.33,5.36,61579461,5.175705
5.29,5.35,5.27,5.29,57551154,5.108112
5.37,5.4,5.33,5.38,62028967,5.195018
5.41,5.49,5.39,5.45,77730256,5.26261
5.45,5.47,5.36,5.37,55653814,5.185361
5.36,5.37,5.3,5.31,49753027,5.127425
5.26,5.32,5.16,5.19,103822479,5.01155
5.11,5.13,5.01,5.04,175355569,4.866708
5.01,5.02,4.91,4.95,89493827,4.779802
4.91,4.92,4.85,4.88,123718711,4.71221
4.82,4.87,4.82,4.85,31930970,4.683241
4.98,5.02,4.82,4.84,66833903,4.673585
4.89,4.89,4.81,4.81,55949464,4.644616
4.86,4.9,4.83,4.88,29397578,4.71221
4.8,4.83,4.59,4.63,183543299,4.470805
4.65,4.79,4.64,4.76,112858451,4.596335
4.73,4.92,4.73,4.88,109483505,4.71221
4.93,4.94,4.84,4.91,87491197,4.741178
4.92,4.98,4.85,4.95,80239063,4.779802
5.05,5.1,5.01,5.03,132605958,4.857052
5.04,5.1,5.02,5.03,92855124,4.857052
5.05,5.06,4.94,5.06,91682785,4.88602
4.98,5,4.86,4.9,97700124,4.731522
4.95,5.06,4.93,5.01,80706089,4.83774
5.01,5.05,4.97,5.01,65287383,4.83774
5.01,5.01,4.92,4.99,69177584,4.818427
5.04,5.08,5,5.05,74913333,4.876364
5.05,5.17,5.04,5.13,131964201,4.953614
5.16,5.19,4.94,4.96,156811981,4.789459
4.95,4.99,4.88,4.9,106465057,4.731522
4.91,4.98,4.89,4.95,62627959,4.779802
4.98,5.06,4.97,5.04,67463483,4.866708
5.01,5.07,4.96,4.99,70723974,4.818427
4.94,5,4.91,4.98,68872055,4.808771
5.01,5.01,4.93,4.98,88137789,4.808771
5,5.08,4.98,5.06,116816463,4.88602
5.08,5.1,5.04,5.07,68296916,4.895677
5.07,5.1,5.02,5.05,37259089,4.876364
4.94,4.98,4.91,4.96,101813082,4.789459
4.92,4.96,4.91,4.93,69401204,4.76049
4.88,4.94,4.88,4.92,98464939,4.750834
4.92,5.05,4.92,5.03,151496209,4.857052
4.99,5.05,4.98,5.04,77809107,4.866708
5.03,5.05,4.96,4.98,81809350,4.808771
5.05,5.25,5.03,5.21,236232133,5.030863
5.25,5.3,5.17,5.22,121631970,5.040519
5.25,5.3,5.25,5.29,100003419,5.108112
5.28,5.35,5.25,5.29,96185998,5.108112
5.24,5.33,5.21,5.32,82921220,5.137081
5.32,5.34,5.26,5.31,96546631,5.127425
5.29,5.31,5.21,5.28,82980127,5.098456
5.25,5.3,5.24,5.27,75496514,5.0888
5.25,5.27,5.19,5.19,98864257,5.01155
5.19,5.25,5.19,5.21,109510217,5.030863
5.16,5.26,5.15,5.18,120636642,5.001894
5.23,5.23,5.12,5.19,99042737,5.01155
5.2,5.2,5.13,5.16,67680007,4.982582
5.15,5.18,5.13,5.13,66134043,4.953614
5.07,5.1,5.01,5.03,160510787,4.857052
5,5.07,5,5.06,64658066,4.88602
5.12,5.17,5.09,5.12,168582379,4.943957
5.1,5.13,5.07,5.1,53615664,4.924645
5.12,5.19,5.11,5.12,71566563,4.943957
5.08,5.17,5.08,5.1,109712084,4.924645
5.13,5.26,5.12,5.23,134916141,5.050175
5.29,5.37,5.27,5.36,167359511,5.175705
5.37,5.46,5.29,5.38,138875021,5.195018
5.4,5.47,5.34,5.39,100670051,5.204674
5.41,5.46,5.19,5.28,147395846,5.098456
5.15,5.17,5.05,5.08,137157453,4.905333
5.12,5.13,5.06,5.08,64513334,4.905333
5.1,5.16,5.09,5.11,56924847,4.934301
5.08,5.13,5.05,5.11,70671754,4.934301
5.1,5.13,5.08,5.09,81409675,4.914989
5.16,5.18,5.11,5.15,86932226,4.972926
5.19,5.23,5.14,5.15,107460348,4.972926
5.21,5.23,5.17,5.19,86552690,5.01155
5.2,5.25,5.16,5.21,72544840,5.030863
5.28,5.3,5.24,5.28,85870445,5.098456
5.3,5.32,5.25,5.3,71978096,5.117769
5.26,5.28,5.2,5.23,94999086,5.050175
5.28,5.28,5.12,5.16,67899052,4.982582
5.16,5.17,5.06,5.11,118135651,4.934301
5.14,5.17,5.04,5.05,124901549,4.876364
5.04,5.1,5.02,5.05,66332980,4.876364
5.06,5.1,5.05,5.06,90654263,4.88602
5.07,5.07,5.02,5.04,66353209,4.866708
5.1,5.17,5.08,5.11,112961190,4.934301
5.15,5.17,5.07,5.09,59393735,4.914989
5.07,5.1,5.05,5.08,55101440,4.905333
5.05,5.07,5.03,5.05,53884706,4.876364
5.05,5.07,5,5.06,64255050,4.88602
5,5.04,4.95,4.98,107122905,4.808771
4.95,4.98,4.88,4.9,115002708,4.731522
4.88,4.9,4.82,4.88,76056088,4.71221
4.82,4.83,4.72,4.79,131481796,4.625304
4.84,4.84,4.76,4.77,83086626,4.605991
4.72,4.74,4.68,4.7,92210700,4.538398
4.66,4.71,4.63,4.64,94836593,4.480461
4.66,4.69,4.6,4.6,115164726,4.441837
4.53,4.6,4.52,4.55,131006680,4.393556
4.53,4.63,4.53,4.55,115058171,4.393556
4.55,4.62,4.53,4.58,84104906,4.422524
4.62,4.63,4.55,4.56,74192730,4.403212
4.61,4.65,4.57,4.61,74796887,4.451493
4.64,4.67,4.58,4.6,62217777,4.441837
4.6,4.61,4.56,4.58,48400562,4.422524
4.56,4.57,4.48,4.51,77034244,4.354931
4.49,4.51,4.43,4.49,66950059,4.335618
4.49,4.52,4.46,4.48,33395902,4.325963
4.48,4.52,4.47,4.5,98436505,4.345275
4.46,4.49,4.43,4.43,73960709,4.277682
4.5,4.51,4.46,4.46,87404000,4.306651
4.43,4.49,4.35,4.38,149699783,4.229401
4.35,4.4,4.33,4.39,96633699,4.239057
4.38,4.38,4.31,4.34,62681889,4.190777
4.37,4.38,4.26,4.29,110081049,4.142496
4.29,4.3,4.25,4.28,59524779,4.13284
4.32,4.39,4.31,4.35,94698134,4.200432
4.37,4.39,4.33,4.35,77418853,4.200432
4.34,4.35,4.26,4.28,70924556,4.13284
4.25,4.27,4.19,4.23,104466458,4.084558
4.23,4.31,4.21,4.27,106585743,4.123183
4.28,4.33,4.26,4.28,58690803,4.13284
4.25,4.3,4.25,4.28,32918470,4.13284
4.38,4.41,4.34,4.37,106551720,4.219745
4.28,4.35,4.25,4.34,98120904,4.260311
4.4,4.41,4.35,4.36,132813709,4.279943
4.37,4.38,4.31,4.36,70068601,4.279943
4.38,4.38,4.28,4.31,67308007,4.230861
4.34,4.34,4.29,4.3,28825687,4.221045
4.33,4.38,4.33,4.35,42194705,4.270126
4.32,4.34,4.28,4.31,47337097,4.230861
4.35,4.37,4.33,4.34,82401071,4.260311
4.31,4.31,4.23,4.27,103641563,4.191596
4.29,4.29,4.23,4.25,44757459,4.171963
4.23,4.27,4.23,4.25,46817070,4.171963
4.21,4.25,4.18,4.2,65659362,4.122881
4.24,4.24,4.19,4.2,39771981,4.122881
4.23,4.26,4.2,4.21,49988343,4.132697
4.25,4.35,4.25,4.29,75510448,4.211228
4.26,4.32,4.26,4.28,49323763,4.201412
4.28,4.29,4.18,4.27,99391606,4.191596
4.28,4.28,4.22,4.26,42524720,4.181779
4.22,4.27,4.21,4.26,48054705,4.181779
4.21,4.25,4.21,4.24,51261758,4.162146
4.26,4.34,4.26,4.29,89953010,4.211228
4.26,4.3,4.23,4.24,39757483,4.162146
4.23,4.26,4.21,4.24,49125342,4.162146
4.26,4.29,4.24,4.24,35000893,4.162146
4.245,4.275,4.225,4.245,50843179.5,4.1670545
4.23,4.26,4.21,4.25,66685466,4.171963
4.22,4.25,4.19,4.21,49833697,4.132697
4.21,4.25,4.19,4.21,39714631,4.132697
4.18,4.2,4.13,4.16,67610112,4.083615
4.1,4.2,4.1,4.17,88596768,4.093432
4.08,4.08,4.02,4.02,125266297,3.946186
4,4,3.9,3.92,94101222,3.848022
3.87,3.89,3.83,3.87,119697540,3.79894
3.89,3.89,3.81,3.87,117407814,3.79894
3.84,3.9,3.84,3.89,89427095,3.818573
3.9,3.91,3.86,3.88,49884970,3.808757
3.85,3.91,3.83,3.85,54553112,3.779307
3.82,3.83,3.76,3.78,96892805,3.710593
3.82,3.95,3.81,3.82,144639459,3.749858
3.78,3.83,3.76,3.81,83631126,3.740042
3.82,3.83,3.75,3.8,76477032,3.730226
3.85,3.88,3.83,3.85,58162778,3.779307
3.83,3.94,3.82,3.9,71349122,3.828389
3.87,3.91,3.85,3.89,78249524,3.818573
3.9,3.9,3.82,3.85,50490783,3.779307
3.88,3.88,3.81,3.83,72630671,3.759675
3.74,3.76,3.69,3.75,103518821,3.681144
3.77,3.77,3.71,3.73,67803850,3.661511
3.75,3.77,3.7,3.73,47713322,3.661511
3.72,3.76,3.7,3.75,69297688,3.681144
3.84,3.97,3.84,3.89,195138753,3.818573
3.89,3.91,3.84,3.89,62787554,3.818573
3.84,3.91,3.82,3.87,48592859,3.79894
3.91,3.94,3.85,3.91,114234696,3.838206
3.91,4.03,3.91,3.98,89002129,3.90692
4,4.04,3.97,3.99,67777273,3.916737
4.05,4.17,4.03,4.12,222861728,4.04435
4.14,4.25,4.14,4.21,234938684,4.132697
4.25,4.27,4.18,4.25,133784014,4.171963
4.22,4.22,4.14,4.19,110256651,4.113065
4.16,4.24,4.16,4.23,57112078,4.15233
4.45,4.46,4.3,4.32,317555794,4.32
4.33,4.36,4.3,4.31,153730626,4.31
4.22,4.25,4.19,4.24,87315419,4.24
4.22,4.22,4.08,4.16,94674254,4.16
4.21,4.21,4.15,4.16,87259696,4.16
4.19,4.19,4.12,4.13,57260465,4.13
4.18,4.18,4.1,4.13,57362747,4.13
4.1,4.11,4.01,4.05,78929611,4.05
4,4.02,3.95,3.97,102726204,3.97
3.97,3.99,3.93,3.96,52168380,3.96
4.03,4.07,4,4.03,87446748,4.03
4,4.06,3.97,4.04,54665081,4.04
4,4.05,3.98,4.03,37658214,4.03
4.03,4.04,3.92,3.96,61211647,3.96
3.96,4.07,3.96,4.01,101104082,4.01
3.97,4,3.96,3.99,37959056,3.99
3.98,4.04,3.96,4,46963307,4
4.1,4.17,4.07,4.13,114289557,4.13
4.13,4.16,4.06,4.13,68035293,4.13
4.12,4.12,4.08,4.11,43219861,4.11
4.06,4.08,4,4.08,78787206,4.08
4.11,4.15,4.05,4.09,62924136,4.09
4.09,4.1,4.04,4.06,58701978,4.06
4.03,4.05,3.99,4.03,53428016,4.03
4.04,4.1,4,4.01,44542513,4.01
4.04,4.06,4,4.02,53916949,4.02
4.04,4.09,4.01,4.06,50499292,4.06
4.08,4.12,4.05,4.08,56364649,4.08
4.13,4.13,4.09,4.12,65012142,4.12
4.11,4.13,4.07,4.09,63000959,4.09
4.07,4.08,3.98,4.01,74416384,4.01
3.86,3.92,3.85,3.85,239788254,3.85
3.8,3.84,3.8,3.81,131017504,3.81
3.85,3.93,3.85,3.88,109043474,3.88
3.9,3.98,3.87,3.96,98940529,3.96
3.97,4,3.94,3.98,54803457,3.98
3.97,3.98,3.92,3.97,57411256,3.97
3.93,3.97,3.92,3.95,64957735,3.95
3.89,3.91,3.81,3.85,117291477,3.85
3.85,3.85,3.8,3.84,57803790,3.84
3.77,3.79,3.72,3.75,109075177,3.75
3.76,3.77,3.69,3.72,94811011,3.72
3.75,3.75,3.69,3.7,50408041,3.7
3.705,3.7425,3.6825,3.715,57084683.5,3.715
3.69,3.74,3.68,3.72,59310231,3.72
3.68,3.72,3.68,3.71,53944254,3.71
3.68,3.71,3.66,3.67,60456490,3.67
3.7,3.72,3.67,3.67,59513927,3.67
3.68,3.77,3.68,3.72,82628259,3.72
3.77,3.78,3.71,3.71,104958532,3.71
3.72,3.73,3.69,3.69,81249443,3.69
3.69,3.73,3.68,3.68,50246278,3.68
3.68,3.68,3.61,3.61,111300564,3.61
3.61,3.62,3.58,3.6,55895875,3.6
3.59,3.6,3.56,3.58,75297915,3.58
3.5,3.56,3.5,3.54,73498168,3.54
3.58,3.59,3.55,3.56,50431236,3.56
3.6,3.62,3.56,3.58,72437778,3.58
3.61,3.68,3.6,3.63,110148768,3.63
3.61,3.65,3.6,3.62,52460672,3.62
3.61,3.68,3.6,3.63,129544964,3.63
3.65,3.74,3.65,3.7,111527407,3.7
3.75,3.83,3.74,3.83,150876908,3.83
3.78,3.85,3.78,3.8,122962527,3.8
3.8,3.89,3.8,3.85,89741010,3.85
3.86,3.89,3.83,3.86,68035918,3.86
3.87,3.87,3.8,3.83,62098096,3.83
3.81,3.87,3.81,3.86,98618562,3.86
3.91,3.91,3.83,3.84,53584780,3.84
3.83,3.87,3.82,3.82,20612285,3.82
3.87,3.94,3.86,3.92,98171338,3.92
3.93,3.94,3.89,3.9,92023850,3.9
3.91,3.94,3.87,3.91,49062132,3.91
